,first_name,last_name,official_id,fgm,fg_pct,fg3m,fg3_pct,ftm,ft_pct,oreb,dreb,reb,ast,stl,blk,tov,pf,pts,num_games
2,Aaron,Smith,1626302,1.1037133256945453,0.5544983753669581,1.1577068128104926,0.43808529655756856,-0.6044738736640144,0.5387834737595018,-0.6779406490498571,1.0634084132560893,0.818543477118667,1.0014949950990641,0.31331339440370337,-0.2215192133744727,-0.3907786467094821,-1.0654226002478027,1.0476052496441453,648
3,Andy,Nagy,1627534,1.330008113789087,0.8245317658943875,1.4255641874052662,0.4924573589829786,-0.751355966028548,0.8468163873319356,-0.8212115407398003,1.101959907822333,0.7737459061775229,1.463752186870059,0.13768363072270515,-0.010953332918254545,-0.5770649656911562,-1.2548518980789447,1.269774222929576,278
4,Anthony,Jordan,1169,-1.2836405935369897,-0.4061507696813912,-1.0563044042055,0.6129105956015126,0.4666667369212316,-0.2829076886250814,0.49350958300320363,-1.4851431796518217,-1.427578332446243,-0.9019209646943138,0.44244446731985543,-0.2707814621531849,0.7538598880126456,0.7026174218084806,-1.1520710574660569,320
5,Ashley,Moyer-Gleich,1628953,1.2091049059351153,0.7969579364560292,1.2469742738305187,0.5125566179788317,-0.39703428468406127,0.5570601321123309,-1.0354718731785697,1.1521878483059367,0.698065717792797,1.2701819182903686,0.3566453880868327,-0.02873218410397143,-0.0058367041866946,-0.8083265618073255,1.1962487948236096,316
6,Ben,Taylor,202049,0.7360693042801661,0.5469964122727528,0.7309086331985355,0.25333134583444217,-0.09956026099899472,0.27165798718116685,-0.6595680034841914,0.6397350387452956,0.3344862127905045,0.686357548948526,-0.06324416921152795,-0.4078028268771339,-0.16027949830821142,-0.10939253562660942,0.7475050523850195,1006
7,Bennett,Salvatore,1192,-0.6280847323338441,-0.12079997283969386,-0.6513175059973653,0.19122016335816955,0.5010501352178961,-0.14856303969763504,0.21046392543721035,-0.755212422653081,-0.7513455666320465,-0.5454974477306749,-0.1474231432741956,-0.5048904643356003,0.0915783079441618,0.5049210575722033,-0.559235647734057,1306
8,Bennie,Adams,1363,-0.497651206935797,-0.2724063418243201,-0.4361746699718112,0.023722705977152755,-0.11369613256841161,-0.20038828672510609,0.09323215002251344,-0.3677939829944047,-0.3717241429450531,-0.4981694072839817,-0.11547275241658238,-0.1972522850971963,0.03154071930852617,0.18192725717689773,-0.5209925710328174,1834
9,Bernie,Fryer,1163,-0.8225218319254387,0.024814236461020912,-0.9325017667858679,0.4105238579921676,0.6434099559673817,-0.6146534700915637,0.7941634766756644,-1.1724178321378105,-0.8731336631964363,-0.6038109640012325,0.4526472233400818,-0.37191699955398394,0.5084681215052504,0.7199836377944359,-0.7672776333117226,426
10,Bill,Kennedy,1662,-0.18685397159445682,0.10737582061613485,-0.21555667015607075,0.25026305272949806,-0.029644889614816594,-0.009919214449272245,-0.08833101791856897,-0.31903050038340164,-0.4286021562962807,-0.2246643251010901,-0.23939390391169435,-0.28174889622667604,0.15191822751578526,-0.08950056097826668,-0.21374223490225971,2178
12,Bill,Spooner,1194,-0.3281808499010763,0.056580553342080446,-0.5055237505565616,0.16629829514260502,-0.08727354470585723,-0.18484170020559515,0.22243019046199938,-0.5899634244535238,-0.5505403224154904,-0.40733693171582064,-0.0313560627419755,-0.14042692273560053,0.24732053278443522,-0.18876805260869736,-0.4343259750258789,1452
14,Blane,Reichelt,1186,-1.1276813759092437,-0.9183292775388462,-1.0159633887991388,0.2465666307240504,0.6749412460509239,0.07895483933082267,1.1587776160209917,-0.962264937652443,-0.39854078798399206,-1.0769543176685445,0.5130957656857339,-0.25556759169804183,-0.29837910020115466,0.5182960283210932,-0.9905044065576131,252
15,Bob,Delaney,1154,-0.8481144398295251,-0.2684670001626361,-0.8783006679086865,0.07392021258470563,0.3515933687961459,-0.2460357621297199,0.45677055242806297,-0.8848872908138882,-0.7484902649536425,-0.9806949728481947,-0.39739908194736395,-0.15083518218184647,0.5272113530423712,0.5375099139760783,-0.8247892313192173,992
16,Brandon,Adair,1627961,1.2082798671076729,0.37594606147934984,1.2662572367143103,0.07212477893976997,-0.9538237871733145,0.46674681778862476,-0.6396579617278613,1.4440917290277606,1.2878611282672814,1.0723651533013967,-0.06897722811738465,-0.056485154780432145,-1.0147076651826987,-1.2166611321843852,1.0833756387930722,442
17,Brandon,Schwab,1628171,1.2626411488273155,0.5391030650073855,1.2839309947808586,0.029962780964687286,-0.6329969029498537,0.6124470280423278,-0.28745723836550346,1.1076239096215454,1.115265035432399,1.2459782112406528,0.41978390698055645,0.7747606202030767,-0.17922267094988192,-1.1404208641327507,1.1947132161136564,188
19,Brent,Barnaky,201638,0.3785875725466781,0.18427671833964193,0.4379587236412561,0.27000578554273424,-0.6271210887897355,0.3613910724354884,-0.5986695807154387,0.5608969798591845,0.2804762469588264,0.3753823299606289,0.3513954802796604,-0.16370511746048563,-0.1558975158173043,-0.9162199054307116,0.2852830190192236,1330
22,Brett,Nansel,202035,1.1418766480974836,0.6536494604509585,1.106695747769924,0.2695637058462128,-0.22007829005209115,0.5445562714466822,-0.747425165738051,1.1227912852439523,0.8444088867264555,1.0656275716830543,0.1958669614921371,-0.21195336060602613,-0.7719164728062805,-0.6071807714622156,1.1344683068685246,532
23,Brian,Forte,101283,0.1155264684981274,-0.0501149095718476,0.18392010239644987,0.12468912603309179,-0.40175858353926197,0.19732939912791433,-0.2379295667860496,0.35034714181535,0.26052841261116033,-0.024348226604657682,0.1357845986658676,0.09255568585383955,-0.17213593514004932,-0.5231962203841738,0.06198670000550448,1724
25,CJ,Washington,202056,0.866855424211963,0.5348784065743395,1.0305693719719504,0.10875944896167532,-0.12375020856315438,0.49766190372326324,-0.8211178996341193,0.8159034154447888,0.43919487555486314,0.796129875198561,-0.36403570614294267,-0.63559065370526,-0.7297988472245729,-0.3505374635422232,0.9475742193455815,480
28,Courtney,Kirkland,2004,-0.15871058337836727,-0.0631911880272375,-0.10993633951775031,0.14783314195639718,-0.19752924541021752,-0.0544622060837006,-0.21900039713640485,-0.05580580124114944,-0.20268544067987213,-0.2909857173651376,-0.17936761633393025,-0.18890520952637524,0.11540590998937926,-0.2333267014431538,-0.18915806043158473,2236
29,Curtis,Blair,200832,0.3031367911278286,0.2122078193127019,0.2718283483436427,0.1513658179339498,-0.49683468519939866,0.07434792986655073,-0.49862291258310626,0.3882876660243562,0.14134173379686585,0.15103596473425848,-0.16834277465789943,-0.019267050586227363,-0.5507868047812428,-0.5374853831251001,0.1976907518415853,1504
30,Dan,Crawford,1152,-0.4583110177419239,-0.084315270681206,-0.5454551304982848,0.17002708249975498,-0.23772038817044636,-0.44365340751202104,0.1699125279040723,-0.5227963409017284,-0.5049239391929659,-0.5840379076663014,0.09862567523578815,0.20639200841631428,0.0751525716717774,-0.07694737148700032,-0.5666357751467455,1802
31,Danielle,Scott,1628487,1.7950799827141652,1.4058606626801717,1.6516273876167806,0.7825852181322969,-1.31021426747997,0.8075342376728452,-1.3524119947773774,1.1225685840086344,0.4645611638019867,1.9814797130500306,0.8776788519344089,0.019871146135902917,0.12745609795972318,-1.6745667312929187,1.5397365217012506,132
32,Dannica,Mosher,1628484,0.5186745444967437,-0.22855042921113633,1.19192655372097,-0.03457856047933089,-0.9651434275607967,0.18272506076295075,-0.7696935816150321,1.472658576768544,1.2396883981075293,0.6066072418196071,0.12362693910449013,0.05985356625583711,-0.005468173245469584,-1.2849368509760792,0.6073132954126171,122
33,David,Guthrie,2714,0.15270554749646076,0.3593513447942213,0.023298235193561837,0.19600757121673204,-0.1470036958660094,0.0334515526122509,-0.3178845171201282,-0.008101494932231227,-0.208927046801082,0.007936321659006502,-0.1350519432007952,-0.4309537965581175,-0.4356970703202348,-0.29757460946774217,0.07592380567586746,1848
34,David,Jones,1168,-0.6368279965033566,-0.25542569590815506,-0.6493256414968396,0.10515190752826811,-0.10151946788066862,-0.26160350759605505,0.23483283559662899,-0.547424058791015,-0.4929988144276174,-0.7091940060238665,-0.10975018267398845,-0.006462305541133427,-0.19954886679019312,-0.2531367673381761,-0.6940714682249628,1582
35,Dedric,Taylor,203592,0.8584761259592981,0.4143884412698714,0.8497804706784219,0.168571141408904,-0.2335797629369929,0.1313390700796406,-0.6020871066871374,1.0274357671936878,0.8240579079394178,0.7658660547291227,0.0295231564397237,-0.3431205645300767,-0.4802697329160966,-0.530119384494802,0.8453861433476108,882
37,Derek,Richardson,1204,-0.2054207054680314,0.11607577625337247,-0.21323300241950308,0.1103571246640403,0.11267863652989772,0.098655829920127,-0.20483998979755638,-0.2720198900613153,-0.4467135722684709,-0.20223921504904985,0.017780081363509673,-0.3244167035042224,0.2959957762064705,0.21535258710587063,-0.19403572188316065,2004
38,Derrick,Collins,2002,-0.06745477487433389,0.021954404566150616,-0.11257163564241343,-0.0264756754117508,-0.18689927883458557,-0.10235477458940132,-0.16262572036086112,0.003354649733909308,-0.0981123007189047,-0.1567540052119309,-0.03079804693189755,-0.08254306146417566,-0.1545877299196533,-0.16239079410347296,-0.12923280277556895,2198
39,Derrick,Stafford,1195,-0.5475374579061492,-0.20761510476364348,-0.564339393175563,-0.0005242486991722985,0.0370247682304474,0.026078229818574765,0.15724695803612568,-0.6380734291663551,-0.6477141451712272,-0.6828439190311898,0.1285895189914125,0.16507838133673364,0.479601129372954,0.2840065898562749,-0.5723810943347375,1666
40,Dick,Bavetta,1142,-0.7952732323327631,-0.10371456240423141,-0.7814555039921709,-0.05204419899766021,0.4361506308578913,-0.2831398146535678,0.1306361104480476,-0.8506385946544496,-0.9130551410011362,-0.8373465691054055,-0.22957348408007988,-0.5262979750390979,0.9065166811547481,0.760700509424791,-0.7333974553464936,1386
42,Ed,Malloy,2530,-0.06124851939063974,0.07712656624870692,-0.10228495236559786,0.29204481046483577,-0.19394692389201015,0.0969286365191016,-0.07998061591891903,-0.11030761686004088,-0.17921276685718965,-0.10685852749992492,0.04944411356037236,-0.09084375271627677,-0.30238072611019456,-0.3568682622080485,-0.12260220036619708,2266
44,Eddie,Rush,1190,-0.8434019980326884,-0.23158044715063109,-0.841339821687457,0.07155043076222135,0.36486343735274324,-0.32010501648531176,0.1666816188294384,-0.9382403742532478,-0.9929098000085219,-0.873561515980789,-0.6990842475893473,-0.19243440043209165,-0.08882543363955445,0.6745530024605045,-0.8039500424598217,1096
45,Eli,Roe,2532,-0.4449910443680779,-0.05298455800192631,-0.5593987894802813,0.21177089816226674,0.2297208382548459,-0.14683363427213086,0.10864774965982142,-0.5878982421130806,-0.6195151899898337,-0.7731705585969029,-0.22757364032306102,0.07445520926856981,0.1259959553428104,0.11508456936205129,-0.4628456043564592,1204
46,Eric,Dalen,200833,0.15414317527136492,-0.09885621471576794,0.14561335528428623,-0.029136873022220674,-0.8443801148604563,-0.10240987679134964,-0.3019402179343952,0.5227407562084041,0.4220207131039832,0.024020616133096695,0.19690233917308217,-0.01083054913797792,-0.14065489062303604,-1.0551654569431435,-0.02416855394248707,1402
47,Eric,Lewis,2715,-0.05924470954558408,0.15044362568014125,-0.04667688856224251,0.15795504621813924,0.17348407227249157,-0.14280282141442854,-0.5064198985623368,-0.010295116966684283,-0.32978585839067487,-0.08728554573801929,-0.27197832742135775,-0.2778332680849705,-0.2365022868289695,0.311170880597826,-0.019547550316549187,2140
48,Evan,Scott,1628172,1.3354864576485892,0.771341157359053,1.4657936560758804,0.46378612041233186,-0.4529172848953013,0.6136301332627615,-0.7609292933787474,1.182176288476551,0.9054005958891719,1.4818559713367796,0.2957253169552668,0.12626731779733733,0.11144352724807922,-0.9548210994103068,1.3539589762861342,298
49,Gary,Benson,1143,-1.4249140545569945,-1.1935330377433946,-1.1467037040088621,-0.17118817554561827,0.4448084378288448,-0.32479195915237785,1.5286734481899606,-1.0490959621590588,-0.2680259752213905,-0.8501731361220985,0.21538426581057185,0.09509403321051392,0.565165136149559,0.6765983011115797,-1.284208868640421,170
50,Gary,Zielinski,1664,-0.5098726798618649,-0.26230775461408273,-0.5114415086949788,0.11906201269490575,-0.16447064284390264,-0.130504486761249,0.24552485773446675,-0.4218344024234773,-0.3393839190319399,-0.6076314063324559,0.12823785438903293,0.07641602900309859,0.28516534080063244,-0.14773123913830394,-0.5702427455798863,1688
51,Gediminas,Petraitis,204058,0.9220631364919487,0.5047687907645234,1.0939479637119127,0.44225042347863647,-0.45216323275269893,0.3120904201836611,-0.9206195973779842,0.9857702208437892,0.5754633165475677,0.9214396275569026,0.20581124018699237,-0.25762072326079644,-0.373227178817529,-0.596386868196844,0.9378490174035143,782
53,Greg,Willard,1200,-0.6443573205021825,-0.056903790219382425,-0.810077016282316,0.1285591951557289,0.3995904615245908,-0.37161821251695976,0.5027902344752033,-0.914689216608278,-0.7544764131358133,-0.7691217610863188,-0.2688703652948208,-0.14685999531812832,-0.3305133392977258,0.40488347425351395,-0.6557874535326722,1122
55,Haywoode,Workman,201637,-0.037571733102377027,0.029729131210050434,-0.08918670196032215,0.03872195901039719,-0.47939957685124623,0.07855241437994148,-0.26847540590168134,0.07439042291618445,-0.08143272346841389,-0.2813481677856731,0.06382972939648023,-0.16088552556762342,-0.06155632183579599,-0.6581126980074672,-0.16366934140244044,1152
61,J.T.,Orr,202037,0.4401947561059696,0.11071804382073114,0.4329916896717711,0.20458196352061092,-0.5748244220387306,-0.12984587115245333,-0.33100925375235085,0.5575501468239896,0.44449961264076354,0.47303779679982744,-0.011602957422776573,-0.11929384873278219,-0.18303002400003254,-0.46227229919946544,0.3341854897036034,1052
62,JB,DeRosa,1155,0.12253041791744486,0.2563162705561505,-0.004498874548867616,0.2979006264532643,0.4749478760067641,-0.05906784847256828,-0.028620398377872898,-0.10869825706665633,-0.1451052754379469,0.034208714226710825,-0.5927950091926657,0.14742658147746615,-0.6118771626248386,0.2251232604791347,0.17947467557544794,1402
64,Jack,Nies,1180,-0.8802598392872663,-0.39045757380550883,-0.8298437977653998,0.3820516530005217,0.12153590760071632,-0.29897284903507765,0.5020214829636256,-0.9145427242425549,-0.7547873943356701,-0.8441538600390633,0.22214153414833926,-0.010932012276695874,0.7496962435974388,0.20010956804502156,-0.8755124469235653,734
65,Jacyn,Goble,1627962,1.0835362881729274,0.6853764409189772,1.2089126819543856,0.3563683614084539,0.27467800989309243,0.5622269628424245,-1.1696604995412645,1.1715814142148837,0.6365569719166297,1.118712005060162,-0.38250471774896166,-0.20053869856241285,-0.722399053033864,-0.18959379388349942,1.2450276788755055,576
66,James,Capers,1148,-0.043162792288307855,-0.016223583824653075,-0.11878247325630797,0.11538430546301456,-0.17007018706827398,-0.10758310205706738,-0.016218989558322988,-0.04278110030210964,-0.06021876412760596,-0.2524302215406547,-0.19217456623935697,-0.11277397291851998,-0.41028558247404645,0.026410899650470762,-0.11248787126173093,2194
67,James,Williams,202058,0.45213669270225987,0.19386295309449114,0.37236557443798984,-0.04232575277657248,-0.3996909954387251,0.2058696082145547,-0.5532028928590225,0.5969777614269273,0.3512083252063952,0.389086550724161,-0.08934580336771922,-0.2733710571242742,-0.21586552212221322,-0.4953173274514228,0.355141954691141,1344
68,Jason,Goldenberg,1626301,1.3210185638322154,0.937743432458925,1.2600741138326417,0.3102329157315731,-0.26400642541262787,0.5992018470173731,-0.9807908190525739,0.9102483132042166,0.449369568812164,1.2959714593358536,0.05240088558087461,-0.6499039348202109,0.22931705129597826,-0.21095634157060833,1.3022338482393117,404
69,Jason,Phillips,2001,-0.4200565479380187,-0.09817306411056374,-0.49008581579317984,0.11571803642720149,-0.0014462787526372041,-0.13519962252939435,0.044598284201635814,-0.31303484324685876,-0.3381849311261647,-0.5743792120801945,-0.18016643504302832,-0.16337801072729566,-0.4464689496558584,-0.06202703289896994,-0.4686605982512331,1800
71,Jenna,Schroeder,1628954,1.368345074411261,0.758853508659153,1.492506754786426,0.5302697442140432,-0.6377365330350894,0.5686929023438881,-0.8222278008014403,1.2236283329565705,0.9154278731110421,1.4728300307570477,0.31402040987335667,-0.16101726368388516,-0.486638168353126,-1.149239578203362,1.3460165986570938,258
72,Jess,Kersey,1826,-0.9659988747112502,-0.39618153349227175,-0.9688411107864042,0.13756267462919336,0.39781022623702295,-0.5914040101047328,1.0408012924663128,-1.3172391834009163,-0.8877879081015013,-0.671723198808068,-0.3337872461897802,-0.4148174871641856,-0.05292161011063526,0.6849734096165968,-0.9272512378456395,508
74,Jimmy,Clark,1150,-0.8226299924332721,0.0051746979518405714,-0.8162450038057172,0.26718950045534273,1.4308413596585279,-0.06519138743106206,0.5746992030464848,-1.350158200460427,-1.2187410687883327,-0.6125011968676911,-0.38159041024371343,-0.7441292963919911,0.43739047210404397,1.6149399120564594,-0.5504345485152298,808
76,Joe,Crawford,1153,-0.6039389966579384,-0.3005753970862436,-0.6539151841118588,-0.016840047194964312,-0.2054639501152479,-0.29244005225963904,0.23604799354099343,-0.4455436200388846,-0.3730634528214647,-0.7660695398207785,-0.3266917705879177,-0.568310984360252,-0.8338025479928948,0.09833976071097297,-0.6972007521075259,1456
77,Joe,Forte,1161,-0.7676869944263275,0.14110174332025563,-0.8565453426308863,0.06104975483899272,0.9522048795915053,-0.09093684705541458,-0.112720369657436,-1.031580806098827,-1.2773985492487183,-0.8808340754914031,-0.5246064737130753,-0.8011562308122765,0.3686482274136432,0.9295173668651768,-0.634665568470999,876
78,John,Butler,1628951,1.2866554810358293,0.4856702272108449,1.2550120292935747,0.07379928371196232,-0.4933153652054491,0.4338726499224475,-0.8097186944774964,1.492165490674963,1.2373933046829866,1.142040458353897,-0.32610349182996096,0.48865948477561816,-1.0078196861040811,-0.7864821981672313,1.228605810759128,322
79,John,Conley,1627519,1.2717003236701854,0.5690004612169832,1.425492947233079,0.34228257972628057,-0.718435116566955,0.691469127038982,-0.5068299409971633,1.0392257745171898,0.897616327584615,1.3356142332560126,-0.4437222281284605,0.3313102798396264,-0.25429971265528456,-0.8346246123124993,1.2393443152747732,178
80,John,Goble,101284,0.190629095622745,0.06670008811417386,0.13708670044900384,0.2095668765780225,-0.3612293520952752,-0.04784674753547063,-0.2537548011338185,0.2782306531662978,0.16624212405946914,-0.09049125650579193,0.15507544149764224,-0.06296646572334338,-0.044525049492099594,-0.3166571236865713,0.10010230405960437,1792
81,Jonathan,Sterling,1627964,1.2830446636669512,0.6676682516693185,1.338192109501047,0.33248121634424027,-0.5616796516796606,0.5713107586955347,-0.9003235780046238,1.2260747254191264,0.8692898228297005,1.2891341691673306,0.14658139201088932,-0.16649945973280364,0.07299586513341254,-0.3399078285145026,1.2451652829769733,446
82,Josh,Tiven,201639,0.3548447245730591,0.40071455435307174,0.38424252834162553,0.20248587893411873,-0.09935813815753688,0.10885826682973279,-0.7257587121076577,0.36627803186301,-0.026915607342069298,0.25447575629073566,0.09563747160684587,-0.15473868112162084,-0.33330632870819715,-0.36022442009814915,0.36216786711364146,1410
83,Justin,Van Duyne,203593,0.7262415031593716,0.44389975014178984,0.7239986385067021,0.11450760137934653,-0.6960791224176517,0.2670482613720623,-1.0200784946018626,0.8263759410356188,0.326610980191846,0.7011885253646705,-0.18110454356904795,-0.4471976195585808,-0.184680675175652,-0.5831573887680375,0.6096778363901496,840
84,Kane,Fitzgerald,201640,0.17974950872804055,0.1449226567543021,0.15617401466953293,0.23702747721538595,-0.22335358201652739,0.14334926108564705,-0.42968752490103107,0.32514217539803847,0.1107305238303531,0.04949086136713307,-0.0911545227752772,-0.2295977591063851,-0.07140717323208876,-0.1770471555222303,0.13057183314003748,1402
85,Karl,Lane,202026,0.4362794830079682,0.0027179574573682726,0.5643281315692025,0.24179540248822498,-0.5342961190780243,0.2720567614279364,-0.4268390159299344,0.9207686117463177,0.8092417988304471,0.4029796808281468,-0.2871169889435782,0.041318592878631086,-0.3862996694459626,-0.4679660350065082,0.3935166284756809,1214
86,Ken,Mauer,1174,-0.3325624871322162,-0.24336039630005124,-0.30222740871816334,0.10433278460089677,-0.2501423871134808,-0.17107739788269202,0.10554867497184921,-0.08854935670602393,-0.03735466104920493,-0.38443334999641054,-0.17371421186697225,-0.1979039362371782,-0.4831964036132599,-0.4367115323363943,-0.3900858319715688,2064
87,Kevin,Cutler,201246,0.4638733383303784,0.26677519622770884,0.4184569419181924,0.24185950900992087,-0.5068688743350938,0.032524400646144265,-0.36118050630270965,0.4537960617045594,0.3042046461150427,0.3370275162436038,0.3215340046724558,-0.13205426995701028,-0.23614377717397245,-0.5503970964926546,0.35820181537033896,1250
88,Kevin,Fehr,1159,-0.7857534294921515,-0.3563415783173281,-0.8019585991341625,-0.046962255023866854,-0.12649349844924695,-0.0535050887963645,0.3432564585340555,-0.8087749972256176,-0.7306813970935698,-0.9461955835781458,-0.41328640375899217,0.1043687294512215,-0.11104692895579761,-0.03617861397481484,-0.8569670248635751,1192
89,Kevin,Scott,202041,0.6069186792809236,0.30176152515525195,0.5052945459367261,0.18793086499978526,-0.6631855752948628,0.12694852888139013,-0.598485763745389,0.6912753017227851,0.43309943449781463,0.520417977313007,0.3468874072713262,-0.18040178288505904,-0.17816027681630398,-0.6405037604706899,0.4515940847962864,1150
91,Lauren,Holtkamp,203177,0.6057152851142956,0.21617149323469356,0.5727966457816893,-0.129714638240786,-0.2534279135867703,0.22106833627010597,-0.6434081025267514,0.9479617256729382,0.705168425542745,0.3569502196236717,0.48294227734937734,0.032987276508948456,-0.3514025687785735,-0.5750892634297151,0.5665279440640317,588
92,Leon,Wood,1201,-0.054175606359153396,0.09583592494416658,-0.15324166822797206,0.1352287170721625,-0.12215404647148784,0.04452056683967138,-0.15000516542794437,-0.1633690854183645,-0.28521607165917734,-0.1749314688499591,-0.10733510038656809,-0.02407349579771728,-0.09324667092387576,0.1700946419545437,-0.12316579332650299,2178
93,Leroy,Richardson,1188,-0.3496579293168374,-0.2379323452854727,-0.35011201543327164,0.048404232434103786,0.08428187708010672,-0.12449756584603144,0.0827011137137692,-0.17772543251528383,-0.1560021380104033,-0.4480173930922577,-0.4064106600380347,0.16441811597082157,0.11361699177998587,0.045636767905581625,-0.3482843180317519,1934
94,Luis,Grillo,1165,-1.040567138546689,-0.31999916072645784,-0.8596616262461434,0.15829484177502182,1.1479170586339869,-0.24208972585734428,0.3926347019097449,-1.081078233938903,-1.0182221222338241,-1.0590790106646826,-0.5271786419961045,-0.9029663344701349,0.38202022992950363,1.5884827042169356,-0.7692172744055377,640
95,Marat,Kogut,201245,0.2713570773296245,0.19755166239986124,0.3127085655992363,0.29945101183003975,-0.26782260678295206,0.1901796750958171,-0.3511085117518257,0.2824928973367315,0.11014512000609024,0.18417923358387164,-0.12665167019560497,-0.06694043238377041,-0.1987796485873318,-0.33876404830177753,0.24319337203154548,1366
96,Marc,Davis,1830,-0.07226495071015555,-0.016089168019902483,-0.11248242613298931,0.10998995394606977,-0.12181871460902091,0.04273452117678729,0.0653744099724615,-0.07586934429675882,-0.047728990600003685,-0.17457259854828464,-0.10531101137022365,-0.006721963360406891,-0.23007454855156317,-0.4513329740285783,-0.11824817497880101,2330
97,Mark,Ayotte,2148,0.009345345268080608,0.1354690070168971,-0.17309596813971106,0.10303215971895406,-0.05617793787166001,-0.30697411907072397,0.008143682363854335,-0.061022766588216246,-0.06627076253253468,-0.19766469699833378,-0.023856024248485822,-0.3121990620493842,-0.37100991905974445,-0.06736762160719657,-0.07610024697818621,1830
98,Mark,Lindsay,200834,0.1858392682356381,0.14630514646486267,0.1333470448473374,0.23367208692057512,-0.40381297208275363,0.08363691418011791,-0.2835910659824909,0.20654989396549775,0.06367457407855084,0.1200252626438579,-0.006114794755024967,-0.04147731438528901,-0.20001754234319666,-0.5781568796616625,0.0863209816776405,1616
99,Mark,Wunderlich,1203,-0.8186057428310471,-0.2863227592456699,-0.869509466091067,0.09229801071234668,0.3355487197487631,-0.13862316817693288,0.39375992669131255,-0.9214374680593492,-0.830779013602522,-0.8751702891705175,-0.10029131610559879,0.29139358911127866,0.15658584569431933,0.3064464474672801,-0.8057161141241639,856
100,Matt,Boland,2005,-0.11135537500815686,-0.08876987836911593,-0.09753009355586302,-0.0745277471996184,-0.030848444393594486,-0.036113165598782804,-0.16661130855990136,0.09021568523308453,0.0009912588145980807,-0.2151439191961081,0.07302851177278472,-0.23923861760568618,0.12592938349097424,0.11452733491452036,-0.11771711518288683,2068
101,Matt,Kallio,1627526,1.3681505983875224,0.7914938124981062,1.489877126547349,0.06276822653695482,-0.3748273711566611,1.16174826527781,-0.8424839730489249,1.1469186530401076,0.8129886702907775,1.5425998883462022,-1.356483726028605,-0.8619236971925073,-1.137066765230217,-1.11318056731128,1.4015565737563835,106
102,Matt,Myers,202901,1.1825628687875005,0.4296025349426846,1.2708865963331106,0.31942144237108366,-0.3325233638074069,0.1491972396700465,-0.4402550947202511,1.2098626269221113,1.1389870163278415,0.970147943080338,-0.38116638357461263,0.26741800137610966,-0.37171315443068387,-0.2629741510010251,1.2027648853779462,368
103,Michael,Henderson,2147,-1.2156200382310627,-0.6441927622165906,-1.154105574195868,-0.21724492966853193,1.3745417447795114,-0.005956825304820225,0.8622994708717592,-1.3224311616757536,-1.0058586345881722,-0.7442462913538882,0.06553982306370375,0.29040534803975643,0.3012391433475934,1.71958698545739,-0.9519705022448463,288
104,Michael,Smith,1193,-0.20758287892253813,-0.03787471073081884,-0.1751501788891009,0.05116284277200034,0.2201083643456181,-0.007199951902406455,-0.10225049894262643,-0.07744467252437778,-0.15474469399749569,-0.3079519151698312,-0.06666630015821642,-0.3262969259399406,0.18232420604483565,0.34353375547514986,-0.15684775235821086,2218
105,Mike,Callahan,1147,-0.47083933250468835,-0.13201197837712755,-0.4427098200415971,0.16288313065380994,-0.3320024480605453,-0.08796634184810331,-0.07318982207484451,-0.43424350045549276,-0.5538705817440557,-0.3986576913858538,-0.05971208592209496,-0.09105707622080932,-0.27050870876627514,-0.18972488112339952,-0.5534934811240919,1854
107,Mitchell,Ervin,203591,0.9625151010856371,0.4540405990236944,1.038618689792434,0.23007643288053342,0.4306636896161714,0.41932521890507496,-0.9698486920592269,1.1685715327858155,0.7584042468566673,0.809024894355103,-0.033071018163096474,-0.14017523978634444,-0.3835871430219199,0.2571815124536886,1.131985465636513,750
108,Monty,McCutchen,1176,-0.5114733319027583,-0.21505083709046138,-0.5525492266041063,0.061784150617246125,0.011871762472141932,-0.1792820619003497,0.1871795695506007,-0.4562546354283486,-0.4162540258011851,-0.6694220051407268,-0.45019688183813333,-0.15719774246072454,-0.12164171258455385,0.3117920244477197,-0.5498441438918548,1788
109,Mousa,Dagher,1628159,1.3701737763764212,0.9868609547030164,1.2803218692157123,0.2964190750939409,-0.27571631160797455,0.6451278008686775,-0.8724825633334603,0.937482305726881,0.5491819837609212,1.2839327710831787,-0.4477089343508544,-0.6105927087020919,-0.5417804206369806,-0.3071046243498452,1.3395115806251745,372
110,Natalie,Sago,1627541,1.186573776782388,0.7398124145982289,1.344674958722198,0.2827068814776213,0.0005301531571417172,0.7180883615014058,-0.9370687839688324,0.9600314154466396,0.5350350583816008,1.3130681696145337,0.20799533222327438,-0.37411877431942714,0.039983412669491264,-0.43037507665751656,1.307043880470092,436
111,Nate,Green,1627524,1.1756908334237055,0.44599328845827524,1.401843724425998,0.24594278088493038,-0.8807759671295223,0.8777944060888344,-1.045454447341014,1.195310012503479,0.7422437740251626,1.370279144431072,-0.7464528876322629,-0.3511541119543912,-0.9661569793160526,-1.2019250283239267,1.1329986182636689,272
112,Nick,Buchert,202007,0.20855904840303682,0.012041115738028466,0.38022622415636637,0.16565860605949845,-0.4546748669385665,0.219873861563867,-0.533036969079061,0.4330015901456979,0.17205266598229793,0.13207999783813662,0.026740320843410055,-0.019570971009435535,0.0007075119211434754,-0.4133404107234362,0.18978340827630705,1342
113,Nolan,Fine,1160,-1.2783685288942461,-1.0760616386106692,-1.231891639390678,-0.5105254595214167,0.2943230582709294,-0.5108495538386952,1.4508237511325872,-0.9783517665170093,-0.2341194175947854,-0.709515599767046,-0.02404701937409122,1.360005528974511,0.2729926171357443,0.9138233221410942,-1.256863890503283,124
114,Olandis,Poole,2716,-0.4687424281301647,0.04317056020694474,-0.6635894820660048,0.15630282977100424,0.13737347045044054,-0.0073349136258212995,0.18074829003300139,-0.7861083749563733,-0.8061300862316639,-0.5240217954515264,-0.01821785813385286,-0.1733153485516018,0.0969019008871172,-0.06310252919952276,-0.5401773272236559,1112
115,Pat,Fraher,2003,-0.1305459969897457,0.08209037372085333,-0.1438415143592336,0.2426251632341452,0.050935678631906574,-0.03668069680781884,-0.18342247795412112,-0.18683091500159654,-0.3336271962309902,-0.18891577720136124,0.07432222092069511,-0.22442689267862398,-0.15677644825758377,-0.15401984600117943,-0.1311397183707854,2212
117,Phenizee,Ransom,1627963,1.2320184053279961,0.5976833024531678,1.3895108110855356,0.2994107835387403,-0.7724048211030508,0.5473622323673456,-1.0574631218904398,1.3623732741991195,0.9301286128932216,1.2777353477455675,-0.213691471315005,-0.39922196535736526,-0.6437275569010602,-0.6954776668817862,1.1876261162675599,380
118,Phil,Robinson,1189,-0.6010632830262662,-0.08784393885662904,-0.8190629442914434,-0.01313956190308834,0.6740777083090024,-0.18033484751428344,0.39550590345889564,-0.6968905524846603,-0.5670235462775286,-0.6730270811027999,-0.19716275422033172,-0.40137702148191173,-0.029604203978982994,0.807437308044561,-0.572346871022913,850
120,Ray,Acosta,1626300,1.126984122615417,0.6900224235221022,1.2950655011690575,0.38317465703054876,-0.13972126379146904,0.5841797118489058,-1.0744780661014104,1.0948189742683072,0.6064857623667239,1.112969031039563,-0.4228311125993113,-0.7849289822995948,-0.8170475833801455,-0.47853628806946213,1.2183934914610317,516
121,Robbie,Robinson,2883,-0.9518716963904642,0.16226050522562693,-0.888770350326746,0.4071167862445611,1.7385457369300978,-0.423475807419202,0.46347239756594627,-1.5760393312542949,-1.552748829104331,-1.0400750715600873,-0.7731953478762712,-0.7147227000333258,0.8657106232799059,2.118830316748131,-0.5964959148096866,312
122,Robert,Hussey,1628480,1.568703144903707,1.6800097541477548,1.294885714924642,0.2263604627769085,-0.5168544611878366,1.0081243985475752,-1.4246545396567796,0.3290840825704008,-0.5089312026113658,1.2114330225277146,0.0403384427046155,-0.8266414300591088,-0.9054465935408851,-1.6075865457247895,1.421066778578039,114
123,Rodney,Mott,1179,-0.08137926700536541,0.06004429519579132,-0.13017156879826552,0.0725896306453023,-0.17318744107968395,-0.06326485128731216,-0.13243386183913047,-0.213816488435743,-0.3332013024188607,-0.03636230794577288,-0.13014100735212042,-0.14019968090741983,0.24899715065288397,0.06761144849961394,-0.1423469961127052,2136
124,Ron,Garretson,1164,-0.38434211835419124,-0.1800340444488852,-0.5025757833404229,0.08702786690764183,-0.5934475585580345,-0.20791387109319118,0.2108584112526044,-0.3995570872170044,-0.3350761909828297,-0.43078533659973134,0.2348033201007282,0.1425690912000429,-0.007498434358223511,-0.5163644455220332,-0.5784757793119553,1912
125,Ron,Olesiak,1184,-1.0367059828022085,-0.3148621003849619,-0.9577828971296375,0.09939049003025321,0.42015101842102975,-0.36522850379010063,0.510364982025549,-1.1211287379820167,-0.9912029525793357,-0.9136554678075065,-0.1209711121529472,-0.05007671017930264,0.7559627072251142,0.9300219448666621,-0.9634393682014157,556
128,Scott,Foster,1162,-0.11611123337335762,0.1838953903732603,-0.18139593728261144,0.07624702431175359,0.1398634995422832,-0.10624553607920634,-0.2962932424366902,-0.23685732144405097,-0.4629633124691915,-0.27728529144467573,-0.381352748646758,-0.21385009568860286,0.20647154411670723,0.35248096711548305,-0.11785172890400082,2298
129,Scott,Twardoski,202053,0.30111132945984675,-0.08318387829498539,0.4319804909760632,0.007149405577483009,-0.47620929519576494,-0.004639592085321273,-0.3937860544203978,0.7780286006710607,0.6630125030462308,0.3509164158582132,0.6202845743806233,-0.27298352970782597,0.20205410853785075,-0.4265061008842055,0.26559431950280754,1136
130,Scott,Wall,1198,-0.11282339297154197,0.10922343335946592,-0.17660164433008713,0.04120096459743933,-0.04968848961433693,-0.054637986126303315,-0.09443270669788667,-0.2231618719061495,-0.3202898221230854,-0.21655750482381372,-0.4424025476402225,-0.27741567752626295,-0.17534813580887898,-0.12201892592515055,-0.1546983472407946,1996
131,Sean,Corbin,1151,-0.222313464870395,-0.022264019848664003,-0.1462021614619153,0.22070632599352177,0.038969357694014495,-0.1858507859654358,-0.22573699431634248,-0.023736626887968577,-0.16939980878586225,-0.30689754158057925,-0.301966333804909,-0.31044299198106245,-0.09743224124740243,0.01870101242423821,-0.1937024930527197,1898
132,Sean,Wright,2882,0.07023579785209175,0.19657576205492724,0.01719390847407497,0.12705638729533972,0.24234719697935136,-0.003202708760824541,-0.49238035058415175,0.1724441318744179,-0.10722084577729547,-0.10053712756221,-0.4265148969203283,-0.42094854326073056,-0.4985705675958801,0.20437406352476262,0.10442060521373883,1936
134,Simone,Jelks,1628481,0.958389616368715,0.16527442312320784,1.4699228887331761,0.5381163791243017,-0.6552734727193728,0.5157787712949283,-1.0586005777044158,1.7476069133444132,1.380035526200701,0.9418304907772096,0.09315944908528236,0.5130046516079984,-0.6344392352952432,-0.4895416801950438,1.0694112609582067,106
137,Steve,Anderson,202000,0.08956987764023729,0.09739815305535447,-0.07167987755104484,-0.10796157255289007,-0.15305454612685312,0.11993858154784419,-0.5630178891573878,0.3933980266352759,0.1069161165161912,-0.0519656154817793,0.4191705096049545,0.01488718064831,0.03382381669960117,-0.28790142251854994,-0.004395151702237019,410
138,Steve,Javie,1167,-0.8347851847338577,-0.3830324578914524,-0.8348063269470389,0.22194412136193475,-0.32443136561838987,-0.09825490622291158,0.30880198297512773,-0.9160005019307255,-0.8777244234425835,-0.9493164283539638,-0.23910710731198964,0.04479097357387138,-0.04230710357731977,-0.3703287999345023,-0.9444960582735697,902
139,Suyash,Mehta,1627529,1.3996469468715704,0.950903064984658,1.5126663926848465,0.6135568324455181,0.020351324961580073,0.9813789377051495,-0.9446642902276943,0.991952484074635,0.5676085402877016,1.3603072896200805,0.2851046362062891,0.2024935515485739,-0.34998318146865615,-0.57734426218055,1.5162984834341233,244
140,Ted,Bernhardt,1144,-1.2580260153951397,-1.1127845823523836,-1.1048717770375962,0.6369884960423211,0.5240620128096399,-0.5460021666088827,1.258407128212061,-0.733728694306372,-0.06870375045912817,-0.5516016853649339,1.32872901191977,0.9500327337308796,1.0416753398377037,0.6280264518659765,-1.1428488453819072,162
143,Tim,Donaghy,1156,-1.1880838250368568,-0.4582944003933547,-1.0223385658931072,-0.07419390744393002,1.4571350510616459,-0.5403863759118196,0.5074199335110441,-1.1938710652228524,-1.0781398831811386,-1.1173380143811487,-0.1971096775816785,-0.7037058970001293,0.5321767406734196,1.9584999845025002,-0.8631587448282004,524
144,Tom,Washington,1199,-0.23704524079402198,0.0012163306686978224,-0.22238651826881897,0.0700199512329228,0.07863468512675093,-0.16998979103760845,-0.12069193628826765,-0.14654332769033449,-0.24714240814951668,-0.28724691047987216,0.20467046255558272,-0.12999666574149243,0.0915783079441618,0.21270715067534107,-0.22542397522685834,2226
147,Tommy,Nunez Jr.,2878,-0.5005930725771068,0.13813435042454833,-0.6638771332980731,0.5482319025412622,0.474178976846835,-0.30428983103981166,0.10271700097230582,-0.8040102810598517,-0.8760297556261976,-0.5785573899176282,-0.6139157301521603,-0.1098490528261085,-0.21917789464904702,0.48252286767611663,-0.48810740832338956,842
148,Tony,Brothers,1146,-0.1630530797523307,0.041482208252845765,-0.11394834952429239,0.07361804606066909,0.1892594105945376,0.04523085925952499,-0.21349947682841497,-0.14588367004793637,-0.3046010713527213,-0.20527871499050318,-0.13793606565362823,-0.2783587272819912,0.1023790501165266,0.08583029167364323,-0.11011543356518308,2302
149,Tony,Brown,2529,-0.2606384364848363,0.061411691348246575,-0.24474144432251543,0.357308257010112,-0.0900422801870542,0.009347875533499526,-0.2256273812880633,-0.31645665113273697,-0.5117353727700781,-0.3016151277338382,-0.37688807983275785,-0.32755358034389254,-0.02730115836122037,0.09444339173272773,-0.2860341907743897,1962
150,Tre,Maddox,202027,0.5745104037544999,0.17031350501813358,0.46489329538341057,0.0594645607665557,-0.4983291393136577,0.11501545109505115,-0.34096043453296226,0.72774006385312,0.6373327385987715,0.46661048371918007,0.20383589538510777,0.10201119576053355,-0.31125677476940977,-0.5312569949646578,0.44998404643163215,1158
152,Tyler,Ford,204059,0.8354613217630734,0.5559430391107476,0.9823575057876326,0.3385123681118805,0.04072196346830094,0.5135688960538037,-0.889164164871521,0.8227230769758076,0.4044777542830218,0.8445332820617285,-0.32663011301683126,-0.10169975885894199,-0.2276431933461854,-0.12659592131935296,0.94337545128861,790
155,Violet,Palmer,1185,-0.7324867349818226,-0.25624197328476567,-0.7223149001214754,0.20164072052310708,0.511214909375686,-0.07891920382619037,0.23739964374097464,-0.7358040359872416,-0.7117426391841988,-0.699124157169383,-0.16862678938800552,0.182903634474592,0.30040097895706014,0.5288429331084182,-0.6529025109086766,1236
157,Zach,Zarba,2534,-0.04412691692484322,0.12018375077559983,-0.06259038617971102,0.22620934536401793,-0.0888928644704504,0.05594005823757892,-0.17135531834785506,-0.13467998852331234,-0.26505322006547044,-0.04470763096590159,-0.31375537721784763,-0.20661793065917547,-0.5220631615292937,-0.028031008782483068,-0.0728715120715063,2296
