"X","first_name","last_name","official_id","fgm","fg_pct","fg3m","fg3_pct","ftm","ft_pct","oreb","dreb","reb","ast","stl","blk","tov","pf","pts","num_games","PC1","PC2","PC3","PC4","PC5","PC6","PC7","PC8","PC9","PC10","PC11","PC12","PC13","PC14","PC15"
2,"Aaron","Smith",1626302,1.10371332569455,0.554498375366958,1.15770681281049,0.438085296557569,-0.604473873664014,0.538783473759502,-0.677940649049857,1.06340841325609,0.818543477118667,1.00149499509906,0.313313394403703,-0.221519213374473,-0.390778646709482,-1.0654226002478,1.04760524964415,648,-4.13873466645763,-0.571462477597877,-0.984161618598812,-0.454984660722181,-0.135702224600006,-0.505588435792407,-0.0207935750048639,0.364523212182249,-0.148711206707487,-0.171851529855835,0.121561352563928,0.0401704962699783,0.0200912763714588,1.08332095311562e-15,-1.3614173137217e-15
3,"Andy","Nagy",1627534,1.33000811378909,0.824531765894387,1.42556418740527,0.492457358982979,-0.751355966028548,0.846816387331936,-0.8212115407398,1.10195990782233,0.773745906177523,1.46375218687006,0.137683630722705,-0.0109533329182545,-0.577064965691156,-1.25485189807894,1.26977422292958,278,-5.32713464997131,-0.414169291781463,-0.873224708869816,-0.0566989600604383,-0.791165597842804,0.0647067801699041,0.586821342897933,0.514440236802677,-0.159534168121961,0.0666023870983056,0.0173013365208674,-0.0469952003868813,-0.0895703642630763,-1.42316244106638e-15,-5.43813048425887e-16
4,"Anthony","Jordan",1169,-1.28364059353699,-0.406150769681391,-1.0563044042055,0.612910595601513,0.466666736921232,-0.282907688625081,0.493509583003204,-1.48514317965182,-1.42757833244624,-0.901920964694314,0.442444467319855,-0.270781462153185,0.753859888012646,0.702617421808481,-1.15207105746606,320,4.65311087103778,-0.3851514239944,-3.34017934914611,-0.974815435333426,-0.772972406538785,-0.0991500107696636,-0.0285780164061441,0.462149555348889,0.373529876970884,0.283532500053241,-0.245785433636337,0.109822787046471,-0.0244034059481537,9.70642070218043e-16,1.65532657251858e-15
5,"Ashley","Moyer-Gleich",1628953,1.20910490593512,0.796957936456029,1.24697427383052,0.512556617978832,-0.397034284684061,0.557060132112331,-1.03547187317857,1.15218784830594,0.698065717792797,1.27018191829037,0.356645388086833,-0.0287321841039714,-0.0058367041866946,-0.808326561807326,1.19624879482361,316,-4.3550190884785,-0.624519280437962,-1.98317002039276,0.251906958045745,0.108508446142161,0.245844567815284,-0.0331505530709406,-0.136466737695882,0.105539880891535,-0.142203125322137,-0.0577850345054081,-0.119803227325165,-0.0245416874238287,-8.98954857508757e-17,4.26904989750923e-16
6,"Ben","Taylor",202049,0.736069304280166,0.546996412272753,0.730908633198535,0.253331345834442,-0.0995602609989947,0.271657987181167,-0.659568003484191,0.639735038745296,0.334486212790505,0.686357548948526,-0.063244169211528,-0.407802826877134,-0.160279498308211,-0.109392535626609,0.74750505238502,1006,-2.10952625181328,0.862970136560349,-0.55860547536925,0.18545762903385,0.54451105897094,-0.133306468014376,-0.231119607448056,-0.178434203435899,-0.148344170152971,0.0888256343546014,0.0508498015674194,-0.0379814598313669,-0.00548376956633809,-5.2812230039048e-17,-1.38384571339423e-15
7,"Bennett","Salvatore",1192,-0.628084732333844,-0.120799972839694,-0.651317505997365,0.19122016335817,0.501050135217896,-0.148563039697635,0.21046392543721,-0.755212422653081,-0.751345566632047,-0.545497447730675,-0.147423143274196,-0.5048904643356,0.0915783079441618,0.504921057572203,-0.559235647734057,1306,2.81672333942799,1.12360485301802,-0.508628495296098,-0.33146695742567,0.0988356247587991,-0.356727254169256,0.0583499970511693,0.182087828604339,-0.00370019120153223,-0.0396804126637207,-0.106530058231592,-0.0534710642298658,0.0187119293080248,-1.8177275912617e-15,-3.51994036746121e-16
8,"Bennie","Adams",1363,-0.497651206935797,-0.27240634182432,-0.436174669971811,0.0237227059771528,-0.113696132568412,-0.200388286725106,0.0932321500225134,-0.367793982994405,-0.371724142945053,-0.498169407283982,-0.115472752416582,-0.197252285097196,0.0315407193085262,0.181927257176898,-0.520992571032817,1834,2.08913095414876,-0.191335903109848,0.697618611725992,-0.436030577544321,0.26294820270771,0.0454023617100916,-0.265398594429137,0.0365910834494366,0.0549739127730577,0.216069603577872,-0.0282306275301057,0.0559332257553395,0.00254251858342489,-1.81598578869062e-15,-1.30577939094225e-15
9,"Bernie","Fryer",1163,-0.822521831925439,0.0248142364610209,-0.932501766785868,0.410523857992168,0.643409955967382,-0.614653470091564,0.794163476675664,-1.17241783213781,-0.873133663196436,-0.603810964001232,0.452647223340082,-0.371916999553984,0.50846812150525,0.719983637794436,-0.767277633311723,426,4.04583899051267,-0.146523553177885,-2.52921871551651,-0.602806405912615,0.00520996761096048,-0.775048324887339,-0.0472855695554358,-0.503358382899477,-0.977193654159966,-0.111171688625928,-0.0130291869413774,-0.088185079627305,-0.14157480754705,-1.65283465235855e-15,2.53214655965238e-16
10,"Bill","Kennedy",1662,-0.186853971594457,0.107375820616135,-0.215556670156071,0.250263052729498,-0.0296448896148166,-0.00991921444927224,-0.088331017918569,-0.319030500383402,-0.428602156296281,-0.22466432510109,-0.239393903911694,-0.281748896226676,0.151918227515785,-0.0895005609782667,-0.21374223490226,2178,1.03910120683793,0.537216833117103,-0.386801597120184,-0.427323619692155,-0.258615084012763,0.550888781923138,-0.218750259566381,0.16954240495231,-0.0624178883390968,-0.121656255880838,-0.0106115000731733,-0.0484648862074562,0.00470774293403943,-7.74477644178145e-16,1.69360312262302e-15
12,"Bill","Spooner",1194,-0.328180849901076,0.0565805533420804,-0.505523750556562,0.166298295142605,-0.0872735447058572,-0.184841700205595,0.222430190461999,-0.589963424453524,-0.55054032241549,-0.407336931715821,-0.0313560627419755,-0.1404269227356,0.247320532784435,-0.188768052608697,-0.434325975025879,1452,1.86499927108585,-0.305536363765024,-0.286109573589689,-0.691920877874721,-0.07327176004544,0.579790920190638,0.0753257075327111,-0.0356198288379418,-0.428591325199003,-0.192500297334269,0.0234303063300246,-0.0502714391264928,0.0275587370582501,8.25110311104293e-17,5.27789937282709e-16
14,"Blane","Reichelt",1186,-1.12768137590924,-0.918329277538846,-1.01596338879914,0.24656663072405,0.674941246050924,0.0789548393308227,1.15877761602099,-0.962264937652443,-0.398540787983992,-1.07695431766854,0.513095765685734,-0.255567591698042,-0.298379100201155,0.518296028321093,-0.990504406557613,252,4.0283844361099,-0.928773426107738,-0.571699723293224,-0.230953005878058,-0.454934799638761,-2.4636032674099,0.837805227501154,1.5164012277783,0.277392237944093,-0.0678897514752856,0.309516686635212,0.102834315315253,0.0825098660358419,-1.20849197990585e-15,5.15128175520226e-16
15,"Bob","Delaney",1154,-0.848114439829525,-0.268467000162636,-0.878300667908687,0.0739202125847056,0.351593368796146,-0.24603576212972,0.456770552428063,-0.884887290813888,-0.748490264953642,-0.980694972848195,-0.397399081947364,-0.150835182181846,0.527211353042371,0.537509913976078,-0.824789231319217,992,3.88533674561934,0.391348352551201,0.101236885754454,0.163417560941074,0.0500356273287876,0.885305479880285,-0.340254898132832,0.290802874452313,-0.074885914509667,-0.215121957525803,0.212842370573426,-0.0454803894839918,-0.0297173752310314,8.71795054690107e-16,6.38057996226547e-16
16,"Brandon","Adair",1627961,1.20827986710767,0.37594606147935,1.26625723671431,0.07212477893977,-0.953823787173314,0.466746817788625,-0.639657961727861,1.44409172902776,1.28786112826728,1.0723651533014,-0.0689772281173846,-0.0564851547804322,-1.0147076651827,-1.21666113218439,1.08337563879307,442,-4.67736508406534,-0.719837387114807,1.9017762201977,-0.128343765803201,-0.108347181128203,-0.72401999590734,-0.0623821973028111,0.159255706225409,-0.337179000526342,0.0370530751034052,0.119196979629674,0.0395691056685953,-0.0149530980865355,-1.46785615540079e-15,8.51104455892935e-16
17,"Brandon","Schwab",1628171,1.26264114882732,0.539103065007385,1.28393099478086,0.0299627809646873,-0.632996902949854,0.612447028042328,-0.287457238365503,1.10762390962155,1.1152650354324,1.24597821124065,0.419783906980556,0.774760620203077,-0.179222670949882,-1.14042086413275,1.19471321611366,188,-4.04527478053088,-2.99112874095143,0.499657673671939,1.41912261328646,0.521315808166607,0.634555524816387,1.0166069826673,0.0281859185453991,-0.640992207849264,-0.240728488080485,0.132320154995389,0.121826595645689,-0.0428475536448134,9.8780488897316e-16,-1.5881846465354e-16
19,"Brent","Barnaky",201638,0.378587572546678,0.184276718339642,0.437958723641256,0.270005785542734,-0.627121088789735,0.361391072435488,-0.598669580715439,0.560896979859185,0.280476246958826,0.375382329960629,0.35139548027966,-0.163705117460486,-0.155897515817304,-0.916219905430712,0.285283019019224,1330,-1.9261230607218,-1.03900016512538,-0.454849820925725,-1.01659758449162,0.194078470921274,-0.0906233098179635,0.115490540364302,0.375708777252826,0.39782196205763,-0.0338604474720393,-0.0227790883484386,-0.071378541874264,-0.00977197247183525,5.74570466244915e-16,-2.1856375592055e-15
22,"Brett","Nansel",202035,1.14187664809748,0.653649460450959,1.10669574776992,0.269563705846213,-0.220078290052091,0.544556271446682,-0.747425165738051,1.12279128524395,0.844408886726456,1.06562757168305,0.195866961492137,-0.211953360606026,-0.77191647280628,-0.607180771462216,1.13446830686852,532,-4.03791365861699,0.109202237251231,-0.128922129618792,0.327707178743014,0.15007130566279,-1.08023430619337,0.533085105473587,-0.151259790477763,-0.0748686252687157,-0.0234510648926967,0.106343805048736,-0.0676857091424893,-0.0305347590918937,3.91395174198769e-15,-6.48520544962537e-16
23,"Brian","Forte",101283,0.115526468498127,-0.0501149095718476,0.18392010239645,0.124689126033092,-0.401758583539262,0.197329399127914,-0.23792956678605,0.35034714181535,0.26052841261116,-0.0243482266046577,0.135784598665868,0.0925556858538396,-0.172135935140049,-0.523196220384174,0.0619867000055045,1724,-0.562726819540134,-1.24748478709639,0.465623890519539,-0.180890058352663,0.0164100708553703,-0.0156260449358258,0.0989413207298554,0.232194875454357,0.30094531818925,-0.0740576376903661,0.13891270785311,0.0320431800412724,-0.00755118342315316,2.00148726695992e-15,-1.37897312685249e-15
25,"CJ","Washington",202056,0.866855424211963,0.53487840657434,1.03056937197195,0.108759448961675,-0.123750208563154,0.497661903723263,-0.821117899634119,0.815903415444789,0.439194875554863,0.796129875198561,-0.364035706142943,-0.63559065370526,-0.729798847224573,-0.350537463542223,0.947574219345582,480,-3.03795332235279,1.90456042530003,0.877857577818875,0.0633594047893554,0.509497232563617,-0.59015657495695,0.125525820456714,0.166258957805944,0.0225568469307476,0.0617190085655002,-0.0674536951636693,0.131528266967594,-0.023693669533433,-7.75921963911501e-16,-1.26913676907066e-15
28,"Courtney","Kirkland",2004,-0.158710583378367,-0.0631911880272375,-0.10993633951775,0.147833141956397,-0.197529245410218,-0.0544622060837006,-0.219000397136405,-0.0558058012411494,-0.202685440679872,-0.290985717365138,-0.17936761633393,-0.188905209526375,0.115405909989379,-0.233326701443154,-0.189158060431585,2236,0.793917304481623,-0.0579528351585796,0.222691982196741,-0.456104838212501,0.0397677993760109,0.488304104630966,-0.453987602772112,0.0918893482354793,0.178382030988437,-0.157558274157622,-0.0356209555237318,0.0517975452799381,0.0483640072039623,1.02870107714099e-15,-3.65456542369451e-16
29,"Curtis","Blair",200832,0.303136791127829,0.212207819312702,0.271828348343643,0.15136581793395,-0.496834685199399,0.0743479298665507,-0.498622912583106,0.388287666024356,0.141341733796866,0.151035964734258,-0.168342774657899,-0.0192670505862274,-0.550786804781243,-0.5374853831251,0.197690751841585,1504,-1.18587362739357,-0.228918489511563,0.979088582353989,-0.394761316244139,-0.580547169777622,-0.000150297238557343,0.053520464903255,-0.409643873033331,0.144722133725295,0.107107008174454,-0.0112674592965881,0.00431276327167537,-0.0101819839578478,-1.00574794063163e-15,-3.48871691307659e-17
30,"Dan","Crawford",1152,-0.458311017741924,-0.084315270681206,-0.545455130498285,0.170027082499755,-0.237720388170446,-0.443653407512021,0.169912527904072,-0.522796340901728,-0.504923939192966,-0.584037907666301,0.0986256752357882,0.206392008416314,0.0751525716717774,-0.0769473714870003,-0.566635775146745,1802,2.14938755619983,-1.31619175474129,0.0171573390075934,-0.5486233785772,-0.587550694371296,0.363693581762498,-0.0374557810725925,-0.77759010757917,-0.214042120590282,0.0486490740357368,-0.012013448139604,0.0884750027394107,-0.0169415130918362,2.25215597988797e-15,6.92383535700532e-16
31,"Danielle","Scott",1628487,1.79507998271417,1.40586066268017,1.65162738761678,0.782585218132297,-1.31021426747997,0.807534237672845,-1.35241199477738,1.12256858400863,0.464561163801987,1.98147971305003,0.877678851934409,0.0198711461359029,0.127456097959723,-1.67456673129292,1.53973652170125,132,-6.70298236128249,-1.63611954217744,-3.70194690425336,-1.3217161103153,-0.22019847676267,1.08116529481275,0.62729295159747,-0.197147954763257,-0.322814631307113,0.397073716737806,-0.0830081405770889,-0.11583248531465,-0.0253981026035113,-5.68861718803135e-16,-2.02283426778998e-15
32,"Dannica","Mosher",1628484,0.518674544496744,-0.228550429211136,1.19192655372097,-0.0345785604793309,-0.965143427560797,0.182725060762951,-0.769693581615032,1.47265857676854,1.23968839810753,0.606607241819607,0.12362693910449,0.0598535662558371,-0.00546817324546958,-1.28493685097608,0.607313295412617,122,-2.92508042347708,-2.12831843212587,1.46022556438725,-0.269747190821618,1.13248391680409,0.273980768179176,-1.34446324667594,0.466807783597934,0.367629286897432,-0.432365330932489,-0.32232458792248,0.28495551515657,-0.133676277263285,5.58748973225025e-16,-4.35157931384181e-16
33,"David","Guthrie",2714,0.152705547496461,0.359351344794221,0.0232982351935618,0.196007571216732,-0.147003695866009,0.0334515526122509,-0.317884517120128,-0.00810149493223123,-0.208927046801082,0.0079363216590065,-0.135051943200795,-0.430953796558117,-0.435697070320235,-0.297574609467742,0.0759238056758675,1848,-0.321814299925031,0.875411122387227,0.21633306550565,-0.823975393216838,-0.200339022440016,-0.320210713733183,0.250749271458058,-0.302794938289153,-0.15116756984463,-0.0169116652136122,0.0382271818377291,-0.061588078429171,-0.0392853725078999,-1.78266647556236e-15,4.02154245380979e-16
34,"David","Jones",1168,-0.636827996503357,-0.255425695908155,-0.64932564149684,0.105151907528268,-0.101519467880669,-0.261603507596055,0.234832835596629,-0.547424058791015,-0.492998814427617,-0.709194006023867,-0.109750182673988,-0.00646230554113343,-0.199548866790193,-0.253136767338176,-0.694071468224963,1582,2.26866325145391,-0.587293006124669,0.799186934908678,-0.729550388138854,-0.704312174523327,-0.034560914113647,0.159245838813781,-0.116022008914558,0.0346043794620298,-0.199948763488376,-0.0777615155094651,0.0145227436347967,-0.034701654160438,8.60197571708707e-16,-9.4103997001953e-16
35,"Dedric","Taylor",203592,0.858476125959298,0.414388441269871,0.849780470678422,0.168571141408904,-0.233579762936993,0.131339070079641,-0.602087106687137,1.02743576719369,0.824057907939418,0.765866054729123,0.0295231564397237,-0.343120564530077,-0.480269732916097,-0.530119384494802,0.845386143347611,882,-2.75216003230918,0.173947257190833,0.329241296158405,0.0302130379581491,0.533009542438462,-0.830147792162928,-0.444336206079672,-0.353058481249948,-0.346071210034054,-0.251386135748265,-0.0417209719272898,-0.0488444121002205,0.00841314848496349,-1.81136376273416e-16,-1.15431264307447e-15
37,"Derek","Richardson",1204,-0.205420705468031,0.116075776253372,-0.213233002419503,0.11035712466404,0.112678636529898,0.098655829920127,-0.204839989797556,-0.272019890061315,-0.446713572268471,-0.20223921504905,0.0177800813635097,-0.324416703504222,0.29599577620647,0.215352587105871,-0.194035721883161,2004,1.19943606142354,0.350506097173119,-0.515959500781721,-0.210825670003042,0.850166293931709,0.393914077923515,0.159852420627227,0.131385971999542,0.198701982118591,0.0944071290151307,0.0502308061918744,-0.0713243266405805,-0.0356970512023795,-9.16519301752032e-16,4.75470834355223e-16
38,"Derrick","Collins",2002,-0.0674547748743339,0.0219544045661506,-0.112571635642413,-0.0264756754117508,-0.186899278834586,-0.102354774589401,-0.162625720360861,0.00335464973390931,-0.0981123007189047,-0.156754005211931,-0.0307980469318976,-0.0825430614641757,-0.154587729919653,-0.162390794103473,-0.129232802775569,2198,0.628804344513048,-0.429630276720202,0.942160119424522,-0.265350997013601,0.464514498229856,0.0529535227428557,0.110844062894912,-0.366570815958696,-0.0522325089787303,0.0196372717862219,-0.0422532865608663,0.011832742529032,-0.00775601689927408,1.49329594186671e-16,2.12119290196609e-16
39,"Derrick","Stafford",1195,-0.547537457906149,-0.207615104763643,-0.564339393175563,-0.000524248699172298,0.0370247682304474,0.0260782298185748,0.157246958036126,-0.638073429166355,-0.647714145171227,-0.68284391903119,0.128589518991412,0.165078381336734,0.479601129372954,0.284006589856275,-0.572381094334737,1666,2.62778402901863,-1.11453895542922,-0.0748556127849072,0.146202419047154,0.64178830288801,0.883188712179421,0.528814296052631,0.180472087279186,0.345849419666362,0.163700150190335,0.19921095364512,0.101384633354005,0.0304206746949482,-3.45556299048003e-15,7.54662102121665e-16
40,"Dick","Bavetta",1142,-0.795273232332763,-0.103714562404231,-0.781455503992171,-0.0520441989976602,0.436150630857891,-0.283139814653568,0.130636110448048,-0.85063859465445,-0.913055141001136,-0.837346569105406,-0.22957348408008,-0.526297975039098,0.906516681154748,0.760700509424791,-0.733397455346494,1386,3.94105830286676,0.98680293880892,-0.390297150822368,-0.222986210551232,1.65436524223599,1.08856543545554,-0.490829206398648,0.0808759451165463,-0.0382360182165916,-0.0876147523921189,0.0578582418143371,-0.0420837776339349,-0.0572509036952536,-1.76940174597617e-15,1.21862777978612e-15
42,"Ed","Malloy",2530,-0.0612485193906397,0.0771265662487069,-0.102284952365598,0.292044810464836,-0.19394692389201,0.0969286365191016,-0.079980615918919,-0.110307616860041,-0.17921276685719,-0.106858527499925,0.0494441135603724,-0.0908437527162768,-0.302380726110195,-0.356868262208049,-0.122602200366197,2266,0.148774694419201,-0.343744352542926,-0.199097256518106,-0.552019850265476,-0.746183933759504,-0.272766135196998,0.327267153710966,0.0987030869579509,0.0778434714612928,-0.00782728060349603,0.0481793445457477,-0.0392082294007004,-0.0149990349826323,-5.5717423502713e-16,-2.82917085744752e-16
44,"Eddie","Rush",1190,-0.843401998032688,-0.231580447150631,-0.841339821687457,0.0715504307622214,0.364863437352743,-0.320105016485312,0.166681618829438,-0.938240374253248,-0.992909800008522,-0.873561515980789,-0.699084247589347,-0.192434400432092,-0.0888254336395544,0.674553002460505,-0.803950042459822,1096,3.60575778916258,1.37790487005045,0.990333452133556,0.132626361426747,-0.790762004696188,0.491434300636023,-0.0933488865286251,-0.273011321018783,0.189686137190857,0.173068004162028,-0.137349860181012,0.0440714196274517,0.0134045850197602,-1.32598506590637e-15,-3.89237204966711e-16
45,"Eli","Roe",2532,-0.444991044368078,-0.0529845580019263,-0.559398789480281,0.211770898162267,0.229720838254846,-0.146833634272131,0.108647749659821,-0.587898242113081,-0.619515189989834,-0.773170558596903,-0.227573640323061,0.0744552092685698,0.12599595534281,0.115084569362051,-0.462845604356459,1204,2.29444928937619,-0.069929365389975,-0.134947280363201,0.116233844870939,-0.714945575742988,0.574588521557813,0.15179040907446,-0.224932680171951,0.195846651576604,-0.324135979276987,0.16524760226616,0.0687050503244259,0.0643182304428222,-2.59050770965326e-15,-8.38352238820155e-17
46,"Eric","Dalen",200833,0.154143175271365,-0.0988562147157679,0.145613355284286,-0.0291368730222207,-0.844380114860456,-0.10240987679135,-0.301940217934395,0.522740756208404,0.422020713103983,0.0240206161330967,0.196902339173082,-0.0108305491379779,-0.140654890623036,-1.05516545694314,-0.0241685539424871,1402,-0.75319143506948,-1.80107374633464,1.29032203891503,-1.17830205005912,0.565319372648686,0.133075661833291,-0.425809702368957,-0.0960020982704847,-0.083815069935055,-0.242152140941142,-0.090925491805056,-0.00961694682263597,0.025774639554687,-1.15862401950849e-15,-7.967012631755e-16
47,"Eric","Lewis",2715,-0.0592447095455841,0.150443625680141,-0.0466768885622425,0.157955046218139,0.173484072272492,-0.142802821414429,-0.506419898562337,-0.0102951169666843,-0.329785858390675,-0.0872855457380193,-0.271978327421358,-0.27783326808497,-0.23650228682897,0.311170880597826,-0.0195475503165492,2140,0.621738753960108,0.994509476452337,0.218335646717916,0.0798235762388842,-0.0474207840446396,-0.113194428949818,-0.195243643361219,-0.739041400053913,0.31751932735024,0.152540717935245,-0.224385495247431,0.0032477067968744,0.0168310927609968,2.6891553247863e-16,-4.64519825705991e-16
48,"Evan","Scott",1628172,1.33548645764859,0.771341157359053,1.46579365607588,0.463786120412332,-0.452917284895301,0.613630133262762,-0.760929293378747,1.18217628847655,0.905400595889172,1.48185597133678,0.295725316955267,0.126267317797337,0.111443527248079,-0.954821099410307,1.35395897628613,298,-4.60638879836295,-1.05937785269818,-1.74068792410026,0.709172440809915,0.158711156597816,0.561236424367397,-0.0753307191228688,0.209114134539059,-0.376316583113339,-0.269897827316621,-0.0712201832218387,-0.0077289260832941,-0.0355119614980228,1.31557151355205e-15,-9.27733607076661e-16
49,"Gary","Benson",1143,-1.42491405455699,-1.19353303774339,-1.14670370400886,-0.171188175545618,0.444808437828845,-0.324791959152378,1.52867344818996,-1.04909596215906,-0.26802597522139,-0.850173136122099,0.215384265810572,0.0950940332105139,0.565165136149559,0.67659830111158,-1.28420886864042,170,5.58961354639745,-2.07574370331056,0.810450918720573,0.607265772152236,0.938418003266495,-0.640795417501965,-0.191890918742538,1.46097322344418,-0.597468051662061,-0.0232169400495362,-0.139843855864686,-0.00447140979382688,-0.0322687133707184,-1.12312442310627e-16,5.04952893791106e-16
50,"Gary","Zielinski",1664,-0.509872679861865,-0.262307754614083,-0.511441508694979,0.119062012694906,-0.164470642843903,-0.130504486761249,0.245524857734467,-0.421834402423477,-0.33938391903194,-0.607631406332456,0.128237854389033,0.0764160290030986,0.285165340800632,-0.147731239138304,-0.570242745579886,1688,2.10240957157552,-1.29968226051877,-0.0288525363915892,-0.435488248385974,0.0256897617483481,0.399483099284139,-0.0298393992029537,0.213040283006841,0.0531938192155147,-0.128237311334444,0.122966015847519,0.0200362062253415,-0.0013890114714024,1.1006620551465e-17,-4.19695234957139e-16
51,"Gediminas","Petraitis",204058,0.922063136491949,0.504768790764523,1.09394796371191,0.442250423478636,-0.452163232752699,0.312090420183661,-0.920619597377984,0.985770220843789,0.575463316547568,0.921439627556903,0.205811240186992,-0.257620723260796,-0.373227178817529,-0.596386868196844,0.937849017403514,782,-3.47646986962403,-0.0712103632602138,-1.04156367492868,-0.272775519921792,-0.143790616108524,-0.507290291773639,-0.367131098491377,-0.249654972883186,0.152171728453052,0.12461492264683,-0.12351479885307,0.116182278928256,0.00712014773247763,-5.28162378329944e-16,-4.11335872862847e-16
53,"Greg","Willard",1200,-0.644357320502183,-0.0569037902193824,-0.810077016282316,0.128559195155729,0.399590461524591,-0.37161821251696,0.502790234475203,-0.914689216608278,-0.754476413135813,-0.769121761086319,-0.268870365294821,-0.146859995318128,-0.330513339297726,0.404883474253514,-0.655787453532672,1122,3.11243219555938,0.603416794335482,0.528086811879174,-0.132502835210926,-0.859160235088009,-0.455647101415564,0.47715959486883,-0.50267056394132,-0.430164675329682,-0.0662854732320264,0.0589908828322918,0.0257701708058276,-0.0344939871946368,-2.491214310573e-15,6.69519182797534e-17
55,"Haywoode","Workman",201637,-0.037571733102377,0.0297291312100504,-0.0891867019603221,0.0387219590103972,-0.479399576851246,0.0785524143799415,-0.268475405901681,0.0743904229161844,-0.0814327234684139,-0.281348167785673,0.0638297293964802,-0.160885525567623,-0.061556321835796,-0.658112698007467,-0.16366934140244,1152,0.0988940370385222,-0.701517577555473,0.677310032897044,-1.02747347210446,0.413036289747145,0.332949440526531,0.124077197574121,0.127318398558012,0.195935568505015,-0.178051254900878,0.124290521683221,-0.00450556962842797,-0.00292749058883743,-5.34172872789457e-16,-1.33005444323271e-15
61,"J.T.","Orr",202037,0.44019475610597,0.110718043820731,0.432991689671771,0.204581963520611,-0.574824422038731,-0.129845871152453,-0.331009253752351,0.55755014682399,0.444499612640764,0.473037796799827,-0.0116029574227766,-0.119293848732782,-0.183030024000033,-0.462272299199465,0.334185489703603,1052,-1.24099442580398,-0.670020678949644,0.301188342726986,-0.38093837374756,-0.0514069313593265,-0.0975381874019454,-0.859311780418358,-0.317197344187719,-0.426001077694922,0.123084003076884,-0.159771907408483,0.00957904929704166,0.083417040198872,-8.60336998500978e-16,-7.98160494951177e-17
62,"JB","DeRosa",1155,0.122530417917445,0.256316270556151,-0.00449887454886762,0.297900626453264,0.474947876006764,-0.0590678484725683,-0.0286203983778729,-0.108698257066656,-0.145105275437947,0.0342087142267108,-0.592795009192666,0.147426581477466,-0.611877162624839,0.225123260479135,0.179474675575448,1402,0.33386057013122,0.988627221837005,0.4859656396929,1.30982056328368,-1.721866528632,-0.203924658449386,0.278242658455039,-0.677165355002328,-0.230336809881504,-0.247662618218828,-0.0938170814928557,-0.0295470562622532,0.0392944835963523,5.13213564472804e-16,5.75139967946255e-16
64,"Jack","Nies",1180,-0.880259839287266,-0.390457573805509,-0.8298437977654,0.382051653000522,0.121535907600716,-0.298972849035078,0.502021482963626,-0.914542724242555,-0.75478739433567,-0.844153860039063,0.222141534148339,-0.0109320122766959,0.749696243597439,0.200109568045022,-0.875512446923565,734,3.60518411531186,-1.1561157020191,-1.76040959658942,-0.55418741803159,-0.419446002910801,0.505987994476745,-0.460031962345827,0.404769837309199,0.0149471343677554,-0.174117899776755,0.034153776322955,0.0404243351841733,0.041012308116566,-7.50314368876517e-16,-2.06395781800923e-16
65,"Jacyn","Goble",1627962,1.08353628817293,0.685376440918977,1.20891268195439,0.356368361408454,0.274678009893092,0.562226962842424,-1.16966049954126,1.17158141421488,0.63655697191663,1.11871200506016,-0.382504717748962,-0.200538698562413,-0.722399053033864,-0.189593793883499,1.24502767887551,576,-3.87354024113848,1.62840450748417,-0.155823002185333,1.41509111057873,-0.436977999468541,-0.484642341720657,0.0981913375917063,-0.38592672066303,0.515997631296194,-0.194699476643768,-0.255709023484505,-0.0842530516379291,-0.000384056456992035,8.68412244950876e-16,-1.42714777709342e-16
66,"James","Capers",1148,-0.0431627922883079,-0.0162235838246531,-0.118782473256308,0.115384305463015,-0.170070187068274,-0.107583102057067,-0.016218989558323,-0.0427811003021096,-0.060218764127606,-0.252430221540655,-0.192174566239357,-0.11277397291852,-0.410285582474047,0.0264108996504708,-0.112487871261731,2194,0.623927897247886,0.0254862378725536,0.880690493370193,-0.142874182508908,-0.441457493494058,-0.358941309816549,-0.0681521277645423,-0.274550033188756,-0.115679953136759,0.181101605365886,0.165056905107744,0.0667296891064428,0.036748868221873,3.02897531428641e-16,1.99012156027113e-15
67,"James","Williams",202058,0.45213669270226,0.193862953094491,0.37236557443799,-0.0423257527765725,-0.399690995438725,0.205869608214555,-0.553202892859022,0.596977761426927,0.351208325206395,0.389086550724161,-0.0893458033677192,-0.273371057124274,-0.215865522122213,-0.495317327451423,0.355141954691141,1344,-1.37463057913877,-0.0261695574573778,1.10453324474926,-0.283041741880722,0.986901423330906,0.120072408293635,-0.103185540640658,0.0357456687672222,0.0273085231552502,-0.0121836169398938,-0.0604005662550499,-0.119705126346731,0.0610526327188101,2.54398002966971e-15,-1.71281108106184e-15
68,"Jason","Goldenberg",1626301,1.32101856383222,0.937743432458925,1.26007411383264,0.310232915731573,-0.264006425412628,0.599201847017373,-0.980790819052574,0.910248313204217,0.449369568812164,1.29597145933585,0.0524008855808746,-0.649903934820211,0.229317051295978,-0.210956341570608,1.30223384823931,404,-3.77938496451256,1.30969666050652,-1.64824141068659,0.124161627061228,1.52742342995917,0.501751807195594,-0.281778460420408,0.197337606500212,-0.366680482686978,0.251303817257257,0.122380079017593,-0.0355947020757416,0.0713790717825509,-2.11715145911658e-16,3.99670704379848e-16
69,"Jason","Phillips",2001,-0.420056547938019,-0.0981730641105637,-0.49008581579318,0.115718036427201,-0.0014462787526372,-0.135199622529394,0.0445982842016358,-0.313034843246859,-0.338184931126165,-0.574379212080194,-0.180166435043028,-0.163378010727296,-0.446468949655858,-0.0620270328989699,-0.468660598251233,1800,1.52695892876562,0.160336740268594,0.888636102577849,-0.521512812057334,-0.632045337964487,-0.469508021478681,0.24472824652171,-0.205354470004655,0.15702768803872,-0.0642173463109876,0.0821994570953391,-0.0640620674008003,-0.0536610665379736,2.56211961362909e-15,8.31689309086036e-16
71,"Jenna","Schroeder",1628954,1.36834507441126,0.758853508659153,1.49250675478643,0.530269744214043,-0.637736533035089,0.568692902343888,-0.82222780080144,1.22362833295657,0.915427873111042,1.47283003075705,0.314020409873357,-0.161017263683885,-0.486638168353126,-1.14923957820336,1.34601659865709,258,-5.1557579964319,-0.4957559195549,-1.33451644353655,-0.221835955590296,-0.417666350870343,-0.490474665167882,0.00740537373300124,0.131586602444291,-0.365263043131243,-0.0766431273683204,-0.111523685078329,0.0585318831936954,-0.0190246891238808,2.92936785287852e-15,-2.82216605388744e-16
72,"Jess","Kersey",1826,-0.96599887471125,-0.396181533492272,-0.968841110786404,0.137562674629193,0.397810226237023,-0.591404010104733,1.04080129246631,-1.31723918340092,-0.887787908101501,-0.671723198808068,-0.33378724618978,-0.414817487164186,-0.0529216101106353,0.684973409616597,-0.92725123784564,508,4.47049972914385,0.834848309950909,0.319378188119121,-0.411459627875677,-0.660537092887792,-0.623948252347823,-0.250421354478533,0.134200504410656,-1.12139946810443,0.202929768288628,-0.244986547214553,0.118837156602647,0.0218709451976209,-1.67897858242636e-15,-1.21604248360517e-16
74,"Jimmy","Clark",1150,-0.822629992433272,0.00517469795184057,-0.816245003805717,0.267189500455343,1.43084135965853,-0.0651913874310621,0.574699203046485,-1.35015820046043,-1.21874106878833,-0.612501196867691,-0.381590410243713,-0.744129296391991,0.437390472104044,1.61493991205646,-0.55043454851523,808,4.45747103934308,2.90604961188832,-1.72459157728094,0.962543993664612,0.386244797111929,-0.370213544341261,0.307423822319557,0.450736946148948,-0.280116703984254,0.0492968617236267,0.00323286024099441,-0.0224871301430551,-0.00602676548027033,7.32236422739718e-16,-2.6866096485151e-17
76,"Joe","Crawford",1153,-0.603938996657938,-0.300575397086244,-0.653915184111859,-0.0168400471949643,-0.205463950115248,-0.292440052259639,0.236047993540993,-0.445543620038885,-0.373063452821465,-0.766069539820779,-0.326691770587918,-0.568310984360252,-0.833802547992895,0.098339760710973,-0.697200752107526,1456,2.09774911075186,0.94941762217997,2.03846631045146,-1.35019765962467,-0.486971037895732,-1.26835954159927,-0.0281581023890731,-0.0518372812204421,-0.0891417829925847,0.354030675349289,0.136689695087841,0.0189867473476942,-0.04685883034861,1.94554377954866e-16,-1.42883727242254e-15
77,"Joe","Forte",1161,-0.767686994426327,0.141101743320256,-0.856545342630886,0.0610497548389927,0.952204879591505,-0.0909368470554146,-0.112720369657436,-1.03158080609883,-1.27739854924872,-0.880834075491403,-0.524606473713075,-0.801156230812276,0.368648227413643,0.929517366865177,-0.634665568470999,876,3.71426317745449,2.93303686971927,-0.446442534127345,-0.107041956696038,0.877508132837292,0.485662470949947,0.255018920622161,-0.0496088520714538,0.365561788907648,-0.227104266349448,-0.0304776521450102,-0.11614379637239,-0.0326907473342808,-2.60836655728847e-15,7.14152663078357e-16
78,"John","Butler",1628951,1.28665548103583,0.485670227210845,1.25501202929357,0.0737992837119623,-0.493315365205449,0.433872649922448,-0.809718694477496,1.49216549067496,1.23739330468299,1.1420404583539,-0.326103491829961,0.488659484775618,-1.00781968610408,-0.786482198167231,1.22860581075913,322,-4.48679577684194,-0.797536481684118,2.0179714234725,1.60317951875764,-0.721556956529395,-0.136643198566934,0.220172054933513,-0.622585097332664,-0.0354572665374454,-0.0735434825742739,-0.00880305400367542,-0.0392810932891423,0.0268579477398347,-3.95755904774975e-16,-1.7136590238393e-15
79,"John","Conley",1627519,1.27170032367019,0.569000461216983,1.42549294723308,0.342282579726281,-0.718435116566955,0.691469127038982,-0.506829940997163,1.03922577451719,0.897616327584615,1.33561423325601,-0.44372222812846,0.331310279839626,-0.254299712655285,-0.834624612312499,1.23934431527477,178,-4.32172439432269,-0.446957033789857,0.250149655401017,1.31647681562627,-0.991649040318945,1.19768517064756,-0.229943909954807,0.634393934812896,-0.502293511517895,0.103973380297981,0.0928870358330155,0.104530514369789,0.0190639298070678,3.10177609536817e-15,-9.65133989769643e-16
80,"John","Goble",101284,0.190629095622745,0.0667000881141739,0.137086700449004,0.209566876578023,-0.361229352095275,-0.0478467475354706,-0.253754801133818,0.278230653166298,0.166242124059469,-0.0904912565057919,0.155075441497642,-0.0629664657233434,-0.0445250494920996,-0.316657123686571,0.100102304059604,1792,-0.279499308892801,-0.871332178173817,-0.142776271928424,-0.421910873584722,0.0549395746159508,-0.0778542263637409,-0.35171261256533,-0.24341711822918,0.0176210613350731,-0.0398042624949523,0.196772663508923,0.0779687101226037,0.0666800597614464,3.46200639650121e-15,2.29797821636723e-16
81,"Jonathan","Sterling",1627964,1.28304466366695,0.667668251669319,1.33819210950105,0.33248121634424,-0.561679651679661,0.571310758695535,-0.900323578004624,1.22607472541913,0.8692898228297,1.28913416916733,0.146581392010889,-0.166499459732804,0.0729958651334125,-0.339907828514503,1.24516528297697,446,-4.12344756440313,-0.228284965875951,-1.13290628592597,0.581774582241195,0.809551766345086,0.376980669600465,-0.506991310353549,0.16536033250605,-0.139755086352241,0.391727215012783,0.207045845289404,-0.0319193886998577,0.0245244802483121,2.28456284233366e-15,-7.99548551492046e-16
82,"Josh","Tiven",201639,0.354844724573059,0.400714554353072,0.384242528341626,0.202485878934119,-0.0993581381575369,0.108858266829733,-0.725758712107658,0.36627803186301,-0.0269156073420693,0.254475756290736,0.0956374716068459,-0.154738681121621,-0.333306328708197,-0.360224420098149,0.362167867113642,1410,-1.22708162520522,0.0744395200818982,-0.172449541255732,-0.2607544718107,0.125963164580996,-0.180106199317527,0.346292257871191,-0.689815492409237,0.334388386394157,-0.0790784944104842,-0.168768818953437,0.0490425620831773,-0.0374695043200528,1.04910091949967e-15,-1.38897927871649e-16
83,"Justin","Van Duyne",203593,0.726241503159372,0.44389975014179,0.723998638506702,0.114507601379347,-0.696079122417652,0.267048261372062,-1.02007849460186,0.826375941035619,0.326610980191846,0.70118852536467,-0.181104543569048,-0.447197619558581,-0.184680675175652,-0.583157388768037,0.60967783639015,840,-2.60758041064177,0.59855725734848,0.498886302877179,-0.717994388448733,0.7758103005964,0.509255953065802,-0.548031822554145,-0.120984947410215,0.179619668567615,0.285091018280891,-0.134332835113249,-0.0917359036528359,0.0401307143324679,-6.44670743856602e-16,-1.88498169942727e-17
84,"Kane","Fitzgerald",201640,0.179749508728041,0.144922656754302,0.156174014669533,0.237027477215386,-0.223353582016527,0.143349261085647,-0.429687524901031,0.325142175398038,0.110730523830353,0.0494908613671331,-0.0911545227752772,-0.229597759106385,-0.0714071732320888,-0.17704715552223,0.130571833140037,1402,-0.521823750519382,0.122755422440012,-0.142394788727054,-0.214567010563391,0.0026814030211179,0.0825917155919402,-0.364355793203017,0.0710759245876954,0.267547724269744,0.0197518014838491,0.144335574693082,-0.113100404596413,0.0076954012330995,-1.04134619941811e-15,9.72875642968066e-17
85,"Karl","Lane",202026,0.436279483007968,0.00271795745736827,0.564328131569202,0.241795402488225,-0.534296119078024,0.272056761427936,-0.426839015929934,0.920768611746318,0.809241798830447,0.402979680828147,-0.287116988943578,0.0413185928786311,-0.386299669445963,-0.467966035006508,0.393516628475681,1214,-1.95657886414795,-0.495739447967826,0.848130751051877,0.402207208448434,-0.67772639731778,-0.0571703434118697,-0.824384202255191,0.398259958220403,0.233933770398741,0.0288550990262384,0.179398858073338,-0.160938864074721,-0.0458717336891693,2.5700416827976e-15,-8.57310432305672e-16
86,"Ken","Mauer",1174,-0.332562487132216,-0.243360396300051,-0.302227408718163,0.104332784600897,-0.250142387113481,-0.171077397882692,0.105548674971849,-0.0885493567060239,-0.0373546610492049,-0.384433349996411,-0.173714211866972,-0.197903936237178,-0.48319640361326,-0.436711532336394,-0.390085831971569,2064,0.972272229767676,-0.243026585608024,1.24903714575913,-0.822906114931348,-0.629119151517592,-0.598250747750901,-0.199942359772342,0.0969012035474516,-0.0655740587781028,-0.196155642182304,-0.0798444275682246,-0.014735284336477,-0.0182378492691466,7.55798034781529e-16,7.55996333509383e-16
87,"Kevin","Cutler",201246,0.463873338330378,0.266775196227709,0.418456941918192,0.241859509009921,-0.506868874335094,0.0325244006461443,-0.36118050630271,0.453796061704559,0.304204646115043,0.337027516243604,0.321534004672456,-0.13205426995701,-0.236143777173972,-0.550397096492655,0.358201815370339,1250,-1.42777517297243,-0.933664724594467,-0.328990815773292,-0.694732963922115,0.142747542564953,-0.408562001386985,-0.0896814835515007,-0.333974773534476,-0.229468678418928,0.0818723087955538,0.0647967351188966,0.064414742434048,0.0215478256903719,1.81834927396371e-15,-1.15013535652778e-15
88,"Kevin","Fehr",1159,-0.785753429492152,-0.356341578317328,-0.801958599134162,-0.0469622550238668,-0.126493498449247,-0.0535050887963645,0.343256458534056,-0.808774997225618,-0.73068139709357,-0.946195583578146,-0.413286403758992,0.104368729451221,-0.111046928955798,-0.0361786139748148,-0.856967024863575,1192,2.9508022843596,-0.297545134211938,1.62398847029227,-0.293388229464119,-0.639886010687793,0.741924217970258,0.494261196857237,0.362424400861706,0.246056486266745,0.0406612575054149,0.127500960309484,0.0653524544894369,-0.00982370429005399,9.66057009479634e-16,1.59628751936805e-15
89,"Kevin","Scott",202041,0.606918679280924,0.301761525155252,0.505294545936726,0.187930864999785,-0.663185575294863,0.12694852888139,-0.598485763745389,0.691275301722785,0.433099434497815,0.520417977313007,0.346887407271326,-0.180401782885059,-0.178160276816304,-0.64050376047069,0.451594084796286,1150,-2.03036605382971,-0.980565227979231,-0.186751909610212,-0.799156479460787,0.593115288084231,-0.223320627110624,-0.194602249749964,-0.270941697884304,-0.0575615528612923,0.186241917616535,0.0325412863691489,-0.0647202371957104,0.0551322162360828,6.9775638488116e-16,6.9911318029355e-16
91,"Lauren","Holtkamp",203177,0.605715285114296,0.216171493234694,0.572796645781689,-0.129714638240786,-0.25342791358677,0.221068336270106,-0.643408102526751,0.947961725672938,0.705168425542745,0.356950219623672,0.482942277349377,0.0329872765089485,-0.351402568778574,-0.575089263429715,0.566527944064032,588,-1.95939005850752,-1.49332053434981,0.966558748462196,0.125531373772405,1.62681927531469,-0.679139346267185,0.548311997570455,-0.531009342378316,0.291615539298215,-0.231081994718767,0.0815151381693907,0.00853155052958861,-0.00964387901379341,1.35821313235401e-15,-1.56675349646918e-15
92,"Leon","Wood",1201,-0.0541756063591534,0.0958359249441666,-0.153241668227972,0.135228717072162,-0.122154046471488,0.0445205668396714,-0.150005165427944,-0.163369085418365,-0.285216071659177,-0.174931468849959,-0.107335100386568,-0.0240734957977173,-0.0932466709238758,0.170094641954544,-0.123165793326503,2178,0.724930322107807,-0.0888504753033654,0.203256793011628,0.0783661953322701,-0.125694289081737,0.273295495380148,0.22034673552118,-0.198460821270901,0.114415908288914,0.339467380202343,0.165912773688292,-0.0113634480521637,0.0222731284245137,2.60367187500826e-15,-2.38847969544452e-16
93,"Leroy","Richardson",1188,-0.349657929316837,-0.237932345285473,-0.350112015433272,0.0484042324341038,0.0842818770801067,-0.124497565846031,0.0827011137137692,-0.177725432515284,-0.156002138010403,-0.448017393092258,-0.406410660038035,0.164418115970822,0.113616991779986,0.0456367679055816,-0.348284318031752,1934,1.7621356041468,-0.366097284909856,0.950735440283085,0.639458398407966,-0.319431308793898,0.701847543690288,-0.352181992480261,0.0271323532871231,0.111998546997574,-0.297628115393066,-0.020564229389718,-0.0374474030405418,0.0512388322521682,8.27827912210563e-16,-3.07626929441702e-16
94,"Luis","Grillo",1165,-1.04056713854669,-0.319999160726458,-0.859661626246143,0.158294841775022,1.14791705863399,-0.242089725857344,0.392634701909745,-1.0810782339389,-1.01822212223382,-1.05907901066468,-0.527178641996105,-0.902966334470135,0.382020229929504,1.58848270421694,-0.769217274405538,640,4.79579398683437,2.93281601450125,-0.710938538796713,0.410413176909147,0.616251212621165,-0.511784134589613,-0.601107792390048,0.462457565382067,0.181307050188012,0.0670839926870434,0.135426029127424,0.088749456776663,-0.0264835890389377,1.24089335348794e-15,1.28512993684762e-15
95,"Marat","Kogut",201245,0.271357077329624,0.197551662399861,0.312708565599236,0.29945101183004,-0.267822606782952,0.190179675095817,-0.351108511751826,0.282492897336731,0.11014512000609,0.184179233583872,-0.126651670195605,-0.0669404323837704,-0.198779648587332,-0.338764048301778,0.243193372031545,1366,-0.914039463709554,-0.0824102817845331,-0.154689292857838,-0.0326258599780295,-0.572516427502823,0.156584093264467,-0.138219364515892,0.0811296441804693,0.110964980476227,-0.00313461612258731,0.0716143198968438,0.00840552576691552,-0.00168756168403874,-1.28311093875659e-15,-1.68402741806488e-15
96,"Marc","Davis",1830,-0.0722649507101556,-0.0160891680199025,-0.112482426132989,0.10998995394607,-0.121818714609021,0.0427345211767873,0.0653744099724615,-0.0758693442967588,-0.0477289906000037,-0.174572598548285,-0.105311011370224,-0.00672196336040689,-0.230074548551563,-0.451332974028578,-0.118248174978801,2330,0.458998724499748,-0.479960211057505,0.686975886119578,-0.181322930532103,-0.341440270098131,0.0120342821436454,0.260272683904988,0.159403062990044,-0.138804685605819,-0.321050513248479,0.0106810955078237,0.000344344781614122,0.0103124384353991,-7.51667607242265e-16,1.20717423621599e-15
97,"Mark","Ayotte",2148,0.00934534526808061,0.135469007016897,-0.173095968139711,0.103032159718954,-0.05617793787166,-0.306974119070724,0.00814368236385433,-0.0610227665882162,-0.0662707625325347,-0.197664696998334,-0.0238560242484858,-0.312199062049384,-0.371009919059744,-0.0673676216071966,-0.0761002469781862,1830,0.697224433906344,0.179972434642482,0.541072368600137,-0.584547821752634,0.0374757454841362,-0.71108058124453,-0.112063702976452,-0.679081309254164,-0.511453097867165,-0.0765828087529476,0.0587110514620008,0.00567911212987147,0.0205649645964941,2.07289333874612e-15,2.09461178407917e-15
98,"Mark","Lindsay",200834,0.185839268235638,0.146305146464863,0.133347044847337,0.233672086920575,-0.403812972082754,0.0836369141801179,-0.283591065982491,0.206549893965498,0.0636745740785508,0.120025262643858,-0.00611479475502497,-0.041477314385289,-0.200017542343197,-0.578156879661663,0.0863209816776405,1616,-0.652847372627904,-0.571680332054691,0.103241921533388,-0.500180180591908,-0.423056181984542,0.150641047966797,-0.0329283471136713,-0.0268407491969977,-0.00427561030551672,-0.0844363655812244,-0.0218966926828815,-0.0543802722030935,0.0207051258048749,1.73931425220562e-16,1.2821319686559e-17
99,"Mark","Wunderlich",1203,-0.818605742831047,-0.28632275924567,-0.869509466091067,0.0922980107123467,0.335548719748763,-0.138623168176933,0.393759926691313,-0.921437468059349,-0.830779013602522,-0.875170289170518,-0.100291316105599,0.291393589111279,0.156585845694319,0.30644644746728,-0.805716114124164,856,3.4430057617585,-0.769640532344598,0.193991980676161,0.392500102518655,-0.584553439526065,0.535066285551376,0.703468806136882,-0.0530822334664177,0.273032282539418,-0.107893350175004,0.0151871095925753,0.0269519971140574,0.00594990734239314,-1.06309393480198e-15,1.00429197445732e-15
100,"Matt","Boland",2005,-0.111355375008157,-0.0887698783691159,-0.097530093555863,-0.0745277471996184,-0.0308484443935945,-0.0361131655987828,-0.166611308559901,0.0902156852330845,0.000991258814598081,-0.215143919196108,0.0730285117727847,-0.239238617605686,0.125929383490974,0.11452733491452,-0.117717115182887,2068,0.942614222353743,-0.332953059379268,0.598544811847703,-0.0751748756177594,1.31681634250784,-0.0514940714176768,-0.152439188349785,-0.0421613401163765,0.109135527257901,0.0249959361034047,0.0731402651690521,0.004566708111073,0.0109034479846057,-1.29546537541979e-15,1.32168579236804e-15
101,"Matt","Kallio",1627526,1.36815059838752,0.791493812498106,1.48987712654735,0.0627682265369548,-0.374827371156661,1.16174826527781,-0.842483973048925,1.14691865304011,0.812988670290777,1.5425998883462,-1.3564837260286,-0.861923697192507,-1.13706676523022,-1.11318056731128,1.40155657375638,106,-5.3605165641125,3.90609816789894,2.63173608369577,0.427387661779501,-0.359449516415526,0.389613371833226,0.190229431028348,1.72377358021767,-0.412704513680299,-0.26124120418252,-0.143686558801066,-0.215111616512712,-0.0448038729071085,1.02363055957652e-15,-1.16071639542767e-15
102,"Matt","Myers",202901,1.1825628687875,0.429602534942685,1.27088659633311,0.319421442371084,-0.332523363807407,0.149197239670046,-0.440255094720251,1.20986262692211,1.13898701632784,0.970147943080338,-0.381166383574613,0.26741800137611,-0.371713154430684,-0.262974151001025,1.20276488537795,368,-3.33988311048949,-0.342399534581067,0.355517056403908,1.70067932032035,-0.808589484431926,0.121536039801227,-1.01659989483718,-0.4402793883931,-0.632894023876189,-0.0756718172544682,0.189188216651843,0.183975858124575,0.0687218178550987,2.40783760017434e-15,-8.20015258635284e-16
103,"Michael","Henderson",2147,-1.21562003823106,-0.644192762216591,-1.15410557419587,-0.217244929668532,1.37454174477951,-0.00595682530482023,0.862299470871759,-1.32243116167575,-1.00585863458817,-0.744246291353888,0.0655398230637037,0.290405348039756,0.301239143347593,1.71958698545739,-0.951970502244846,288,5.59496811542975,-0.39418949388641,0.34482429913476,2.35839521474252,1.06198325658601,-0.428955701877536,1.57181070242066,0.296377970130858,0.343887040653092,0.416590722298578,-0.215675533447342,-0.0183964662583987,0.0283906840913823,1.61192342127714e-15,-9.00372845355058e-17
104,"Michael","Smith",1193,-0.207582878922538,-0.0378747107308188,-0.175150178889101,0.0511628427720003,0.220108364345618,-0.00719995190240645,-0.102250498942626,-0.0774446725243778,-0.154744693997496,-0.307951915169831,-0.0666663001582164,-0.326296925939941,0.182324206044836,0.34353375547515,-0.156847752358211,2218,1.33342302271211,0.360401887719921,0.029813575611451,0.14726584677948,0.90515276803434,-0.040906402352938,-0.218725148664752,0.0831340825935474,0.143259850103239,-0.0487839893117081,0.137232691547991,-0.0291947161271409,-0.0206616545251125,-1.33483319850112e-15,7.12601742547024e-16
105,"Mike","Callahan",1147,-0.470839332504688,-0.132011978377128,-0.442709820041597,0.16288313065381,-0.332002448060545,-0.0879663418481033,-0.0731898220748445,-0.434243500455493,-0.553870581744056,-0.398657691385854,-0.059712085922095,-0.0910570762208093,-0.270508708766275,-0.1897248811234,-0.553493481124092,1854,1.39916093872694,-0.345200982061247,0.497794964011977,-0.954901974438122,-0.668357755834786,0.0395285105896715,0.259453218127752,-0.0638541534207332,0.278031635484732,0.327574779980306,-0.135567632354254,-0.00449319549495268,-0.0416184275578235,7.57460623981954e-17,1.77334765638576e-15
107,"Mitchell","Ervin",203591,0.962515101085637,0.454040599023694,1.03861868979243,0.230076432880533,0.430663689616171,0.419325218905075,-0.969848692059227,1.16857153278582,0.758404246856667,0.809024894355103,-0.0330710181630965,-0.140175239786344,-0.38358714302192,0.257181512453689,1.13198546563651,750,-2.81597109391955,0.745345736570564,-0.410802563709167,1.74048402177902,0.645475825326278,-0.80461113700314,-0.0765386210235199,-0.497981946574105,0.55361673163838,-0.122014738789695,0.0141475642260218,0.0063733822631848,0.0821326183273681,1.9681304794645e-15,-1.79697027938471e-16
108,"Monty","McCutchen",1176,-0.511473331902758,-0.215050837090461,-0.552549226604106,0.0617841506172461,0.0118717624721419,-0.17928206190035,0.187179569550601,-0.456254635428349,-0.416254025801185,-0.669422005140727,-0.450196881838133,-0.157197742460725,-0.121641712584554,0.31179202444772,-0.549844143891855,1788,2.3051099809388,0.475840032994185,1.05610292365986,-0.0559304823744758,-0.445588989429714,0.199703334481477,-0.26502769998444,0.0386973771559731,0.0219060172227225,0.125503207529874,0.174383605762119,-0.0115572776755453,0.00107771381934424,1.82075699175305e-15,-3.00362266593967e-16
109,"Mousa","Dagher",1628159,1.37017377637642,0.986860954703016,1.28032186921571,0.296419075093941,-0.275716311607974,0.645127800868677,-0.87248256333346,0.937482305726881,0.549181983760921,1.28393277108318,-0.447708934350854,-0.610592708702092,-0.541780420636981,-0.307104624349845,1.33951158062517,372,-4.26245387448586,2.25121791695589,-0.135605730094433,0.373679870112821,0.178781944908494,0.0545755681780656,0.00766913539587934,0.136169453930749,-0.506251185476046,0.271808893136292,0.188688095838436,-0.064403196793499,0.00166626857006013,-4.15267035880986e-16,-1.38245231443697e-15
110,"Natalie","Sago",1627541,1.18657377678239,0.739812414598229,1.3446749587222,0.282706881477621,0.000530153157141717,0.718088361501406,-0.937068783968832,0.96003141544664,0.535035058381601,1.31306816961453,0.207995332223274,-0.374118774319427,0.0399834126694913,-0.430375076657517,1.30704388047009,436,-3.8256082380403,0.564954238448736,-1.43039778160947,0.636670162923053,1.30806861488753,0.0690268428723592,0.304504607315238,0.345330880029599,0.00395864371247318,-0.106339329401011,-0.168481090781188,0.0792005146823377,0.036152913178765,2.47762908043168e-15,9.83517900515412e-16
111,"Nate","Green",1627524,1.17569083342371,0.445993288458275,1.401843724426,0.24594278088493,-0.880775967129522,0.877794406088834,-1.04545444734101,1.19531001250348,0.742243774025163,1.37027914443107,-0.746452887632263,-0.351154111954391,-0.966156979316053,-1.20192502832393,1.13299861826367,272,-5.08889215690019,1.43998751056279,1.64157287769381,-0.0939534556862472,-0.951767053835569,0.344109133847939,-0.153663075932647,1.07958348642534,0.230874508621046,0.245329449091483,-0.320287031659713,0.00260762867166499,0.0801156966501065,1.00224200884996e-15,2.51569488513076e-16
112,"Nick","Buchert",202007,0.208559048403037,0.0120411157380285,0.380226224156366,0.165658606059498,-0.454674866938567,0.219873861563867,-0.533036969079061,0.433001590145698,0.172052665982298,0.132079997838137,0.0267403208434101,-0.0195709710094355,0.000707511921143475,-0.413340410723436,0.189783408276307,1342,-0.89492142981477,-0.752760995255019,0.139906562003696,-0.184324062035987,0.206387483616432,0.404376357136932,-0.276688633477815,0.197502502407194,0.485362348234363,0.0983150728140046,-0.00788673988079114,0.105983898450522,0.0255849125597281,-1.20722031572859e-15,-8.53298887467923e-16
113,"Nolan","Fine",1160,-1.27836852889425,-1.07606163861067,-1.23189163939068,-0.510525459521417,0.294323058270929,-0.510849553838695,1.45082375113259,-0.978351766517009,-0.234119417594785,-0.709515599767046,-0.0240470193740912,1.36000552897451,0.272992617135744,0.913823322141094,-1.25686389050328,124,5.64844401508697,-4.02151630642761,3.00727096480791,2.68433077236173,0.214372037066147,0.654222373820906,0.800222531590253,-0.18642561736942,-0.591952200366129,0.429536539698511,-0.244439728906107,-0.0558031321968029,-0.0602022656197715,-1.99017562159194e-15,1.13739727956364e-15
114,"Olandis","Poole",2716,-0.468742428130165,0.0431705602069447,-0.663589482066005,0.156302829771004,0.137373470450441,-0.0073349136258213,0.180748290033001,-0.786108374956373,-0.806130086231664,-0.524021795451526,-0.0182178581338529,-0.173315348551602,0.0969019008871172,-0.0631025291995228,-0.540177327223656,1112,2.180491973492,0.0792900716718454,-0.301795654076008,-0.617316531487322,-0.144760564374845,0.361015549592671,0.728241990923465,0.134160579791642,-0.034545512772724,-0.133756624717799,0.00682792604820291,-0.0859100018412049,0.0314543720935934,-1.34677376111541e-16,5.31739420868927e-16
115,"Pat","Fraher",2003,-0.130545996989746,0.0820903737208533,-0.143841514359234,0.242625163234145,0.0509356786319066,-0.0366806968078188,-0.183422477954121,-0.186830915001597,-0.33362719623099,-0.188915777201361,0.0743222209206951,-0.224426892678624,-0.156776448257584,-0.154019846001179,-0.131139718370785,2212,0.669222589830794,0.0405999350886248,-0.400437131389828,-0.51795453080585,-0.197013896973593,-0.316005163494437,0.217331174056301,-0.203086990071969,0.136299072160375,-0.12245392882484,-0.109719735691533,0.0365808300474143,0.0211718390037964,4.81240787356976e-16,-8.02215108369544e-16
117,"Phenizee","Ransom",1627963,1.232018405328,0.597683302453168,1.38951081108554,0.29941078353874,-0.772404821103051,0.547362232367346,-1.05746312189044,1.36237327419912,0.930128612893222,1.27773534774557,-0.213691471315005,-0.399221965357365,-0.64372755690106,-0.695477666881786,1.18762611626756,380,-4.74584106284354,0.741304958402443,0.332110305307332,-0.114586659420324,-0.0242210461156292,-0.245475898752957,-0.582011825194787,0.179634852162337,-0.000297738105079644,0.40507450728433,0.00097840261605183,-0.0232884560233119,-0.0318291689013484,-1.69765623150888e-15,-1.30379095729216e-16
118,"Phil","Robinson",1189,-0.601063283026266,-0.087843938856629,-0.819062944291443,-0.0131395619030883,0.674077708309002,-0.180334847514283,0.395505903458896,-0.69689055248466,-0.567023546277529,-0.6730270811028,-0.197162754220332,-0.401377021481912,-0.029604203978983,0.807437308044561,-0.572346871022913,850,3.20615153149088,1.07382871923011,0.384247007971804,0.3056648022145,0.575061477799403,-0.565296642049435,0.361018082526201,-0.0860558310024081,-0.206065229058343,-0.0332298011097911,0.19819200885077,-0.201947302762833,-0.0219825215896654,-1.13304227395879e-15,5.34496029865728e-17
120,"Ray","Acosta",1626300,1.12698412261542,0.690022423522102,1.29506550116906,0.383174657030549,-0.139721263791469,0.584179711848906,-1.07447806610141,1.09481897426831,0.606485762366724,1.11296903103956,-0.422831112599311,-0.784928982299595,-0.817047583380145,-0.478536288069462,1.21839349146103,516,-4.22518251916984,2.49154118041043,-0.0705094126966816,-0.0514043008868727,-0.203879508915325,-0.813361728126529,-0.323838100390788,0.251188595970009,0.117028657455693,-0.00454657667292408,-0.133024951456865,0.0288560744090704,0.00858429907750665,1.83205268516024e-15,2.36617805116668e-16
121,"Robbie","Robinson",2883,-0.951871696390464,0.162260505225627,-0.888770350326746,0.407116786244561,1.7385457369301,-0.423475807419202,0.463472397565946,-1.5760393312543,-1.55274882910433,-1.04007507156009,-0.773195347876271,-0.714722700033326,0.865710623279906,2.11883031674813,-0.596495914809687,312,5.58893552964388,3.83608961898751,-2.46583307841631,1.49391049524872,-0.0924449602548527,0.566104936298353,-0.567066317903197,-0.329710342365132,-0.302114879604504,-0.189205478490052,0.122202853872334,0.158566316002689,-0.035158357712099,-3.34079758196095e-15,8.19768585677865e-16
122,"Robert","Hussey",1628480,1.56870314490371,1.68000975414775,1.29488571492464,0.226360462776908,-0.516854461187837,1.00812439854758,-1.42465453965678,0.329084082570401,-0.508931202611366,1.21143302252771,0.0403384427046155,-0.826641430059109,-0.905446593540885,-1.60758654572479,1.42106677857804,114,-5.47151070945415,2.48680820299696,-0.495548208842797,-1.92308110334993,0.554591722817811,0.482353536182329,2.59592234551112,-0.267251293883378,-0.181511349096125,-0.116894877613417,-0.125132115541784,0.237418064144993,0.00604920484685086,-7.12299422230512e-16,-1.51174124691011e-15
123,"Rodney","Mott",1179,-0.0813792670053654,0.0600442951957913,-0.130171568798266,0.0725896306453023,-0.173187441079684,-0.0632648512873122,-0.13243386183913,-0.213816488435743,-0.333201302418861,-0.0363623079457729,-0.13014100735212,-0.14019968090742,0.248997150652884,0.0676114484996139,-0.142346996112705,2136,0.988314259037034,-0.0799714302662191,0.110037865643602,-0.134334929794339,0.490956868838704,0.74440496533548,-0.191518312332978,-0.0803602707535831,-0.168063085710162,0.22095463041027,-0.0963772939587432,-0.000464786831991907,0.0582883253993652,-1.79906261205776e-16,8.04707578212998e-16
124,"Ron","Garretson",1164,-0.384342118354191,-0.180034044448885,-0.502575783340423,0.0870278669076418,-0.593447558558035,-0.207913871093191,0.210858411252604,-0.399557087217004,-0.33507619098283,-0.430785336599731,0.234803320100728,0.142569091200043,-0.00749843435822351,-0.516364445522033,-0.578475779311955,1912,1.48246683281714,-1.81662242245787,0.485847490009913,-1.13088910919931,-0.256189078406721,0.29708848712293,0.21966699777568,-0.0974293139826363,-0.197347946302033,0.134103453338871,0.0188400653324866,0.0010722768367146,0.0118072889992345,-1.11073235176187e-15,-2.90272755721639e-16
125,"Ron","Olesiak",1184,-1.03670598280221,-0.314862100384962,-0.957782897129638,0.0993904900302532,0.42015101842103,-0.365228503790101,0.510364982025549,-1.12112873798202,-0.991202952579336,-0.913655467807506,-0.120971112152947,-0.0500767101793026,0.755962707225114,0.930021944866662,-0.963439368201416,556,4.62142740430177,-0.142047750460063,-0.671507988093627,0.286114491654323,0.348388881108078,0.863493227933848,-0.230805048970699,0.00797543989570442,-0.0735331047121651,0.207670626254778,0.0429936020748513,0.0231677342290646,-0.0831953018584064,8.86343554057473e-16,6.62859357769069e-16
128,"Scott","Foster",1162,-0.116111233373358,0.18389539037326,-0.181395937282611,0.0762470243117536,0.139863499542283,-0.106245536079206,-0.29629324243669,-0.236857321444051,-0.462963312469191,-0.277285291444676,-0.381352748646758,-0.213850095688603,0.206471544116707,0.352480967115483,-0.117851728904001,2298,1.30481921306732,0.880734085912104,0.186479009250713,0.248192640701828,0.368593565422633,0.841339425387733,-0.24262095765213,-0.440105982172388,0.064736501432599,0.0408612255751432,0.0210558635181472,0.00506711840736602,0.0209509398277464,-1.48161172657949e-15,-3.72829562713552e-16
129,"Scott","Twardoski",202053,0.301111329459847,-0.0831838782949854,0.431980490976063,0.00714940557748301,-0.476209295195765,-0.00463959208532127,-0.393786054420398,0.778028600671061,0.663012503046231,0.350916415858213,0.620284574380623,-0.272983529707826,0.202054108537851,-0.426506100884205,0.265594319502808,1136,-0.971580673264053,-1.69341233870704,-0.113825736066527,-0.659268235642709,1.96214906724993,-0.61556662105336,-0.660270835991342,0.0458302314887067,-0.0132215981322098,0.0071299443539332,-0.0508664263113427,-0.00232168337247152,0.00651482506165062,1.00947052005862e-15,7.98157148854247e-16
130,"Scott","Wall",1198,-0.112823392971542,0.109223433359466,-0.176601644330087,0.0412009645974393,-0.0496884896143369,-0.0546379861263033,-0.0944327066978867,-0.22316187190615,-0.320289822123085,-0.216557504823814,-0.442402547640223,-0.277415677526263,-0.175348135808879,-0.122018925925151,-0.154698347240795,1996,0.887764383395138,0.834174369850297,1.00772063714831,-0.259474499259475,-0.0666455085179988,0.404615884264454,-0.025635126900288,-0.0727805662721603,-0.203299723238717,-0.118335046103797,-0.0475649517302189,-0.0101228675044001,0.00295686958342456,-3.07069013937725e-16,2.71792233207997e-16
131,"Sean","Corbin",1151,-0.222313464870395,-0.022264019848664,-0.146202161461915,0.220706325993522,0.0389693576940145,-0.185850785965436,-0.225736994316342,-0.0237366268879686,-0.169399808785862,-0.306897541580579,-0.301966333804909,-0.310442991981062,-0.0974322412474024,0.0187010124242382,-0.19370249305272,1898,0.949350947683859,0.64641922934003,0.168484423112918,-0.287421488921058,-0.34527602989205,-0.0610054471739576,-0.669316470120544,-0.219038936513565,0.13913856618426,-0.188101995767275,-0.073067375509474,-0.0209101806137029,-0.029611948778742,2.44426012874351e-15,-5.88343582266092e-16
132,"Sean","Wright",2882,0.0702357978520917,0.196575762054927,0.017193908474075,0.12705638729534,0.242347196979351,-0.00320270876082454,-0.492380350584152,0.172444131874418,-0.107220845777295,-0.10053712756221,-0.426514896920328,-0.420948543260731,-0.49857056759588,0.204374063524763,0.104420605213739,1936,0.0962397129116605,1.5850231794681,0.755099052578697,0.135573169616449,-0.120811395808738,-0.479802897728395,-0.115415791911812,-0.476022590768533,0.306563056193567,-0.0539887715560884,-0.0316687749199296,-0.0818814216922319,0.00715600500899304,3.53489264752772e-16,2.40199709105412e-16
134,"Simone","Jelks",1628481,0.958389616368715,0.165274423123208,1.46992288873318,0.538116379124302,-0.655273472719373,0.515778771294928,-1.05860057770442,1.74760691334441,1.3800355262007,0.94183049077721,0.0931594490852824,0.513004651607998,-0.634439235295243,-0.489541680195044,1.06941126095821,106,-4.56832771193801,-1.6790027896927,-0.348118673345116,1.34524046365671,-1.4473367722111,-0.547959677645203,-0.830563719521967,-0.12392723258256,1.01696281164435,0.308210474878771,0.187647475461172,0.0967733771558672,-0.163491387982303,1.22976337254306e-15,-6.73461965274911e-16
137,"Steve","Anderson",202000,0.0895698776402373,0.0973981530553545,-0.0716798775510448,-0.10796157255289,-0.153054546126853,0.119938581547844,-0.563017889157388,0.393398026635276,0.106916116516191,-0.0519656154817793,0.419170509604954,0.01488718064831,0.0338238166996012,-0.28790142251855,-0.00439515170223702,410,-0.117100809427102,-1.31608730641389,0.48659086804818,-0.191553348184595,1.56965042781666,0.00626249825592464,0.558968711156734,-0.458906842864688,0.584255717466895,-0.0940034394978087,0.0328279322136262,-0.217749034698592,-0.00186709388156895,-1.33002279321899e-15,1.89986806210284e-16
138,"Steve","Javie",1167,-0.834785184733858,-0.383032457891452,-0.834806326947039,0.221944121361935,-0.32443136561839,-0.0982549062229116,0.308801982975128,-0.916000501930726,-0.877724423442584,-0.949316428353964,-0.23910710731199,0.0447909735738714,-0.0423071035773198,-0.370328799934502,-0.94449605827357,902,2.76617176113324,-0.587657080986648,0.481433893488347,-1.1252524415983,-1.41350988287912,0.671365204915794,0.236374172253369,0.514423076768228,0.324486787144796,-0.0155472170033164,0.00311585740493809,0.0947996246596213,0.0551381565293719,-1.05429617481249e-15,1.04583684907192e-15
139,"Suyash","Mehta",1627529,1.39964694687157,0.950903064984658,1.51266639268485,0.613556832445518,0.0203513249615801,0.98137893770515,-0.944664290227694,0.991952484074635,0.567608540287702,1.36030728962008,0.285104636206289,0.202493551548574,-0.349983181468656,-0.57734426218055,1.51629848343412,244,-4.90755057867103,-0.187116320088265,-2.27591826441832,1.37972910199181,-0.690732247062724,-0.0161987905112835,1.13401481358735,0.153611323348845,0.337945266254619,-0.0889941174057122,0.121441160435305,0.118338951143418,-0.0105030227753931,-1.40283358783616e-15,-2.47413799235762e-15
140,"Ted","Bernhardt",1144,-1.25802601539514,-1.11278458235238,-1.1048717770376,0.636988496042321,0.52406201280964,-0.546002166608883,1.25840712821206,-0.733728694306372,-0.0687037504591282,-0.551601685364934,1.32872901191977,0.95003273373088,1.0416753398377,0.628026451865976,-1.14284884538191,162,4.74611930065173,-5.29913105349686,-3.74377291606969,1.07129443926244,-0.928267211550431,-1.11965225786317,-0.523630651276377,0.360831935942216,0.033969348052903,-0.123609067986045,-0.261010851421377,-0.207356281126796,0.0746925983635028,3.64990767177906e-16,2.0069346053125e-16
143,"Tim","Donaghy",1156,-1.18808382503686,-0.458294400393355,-1.02233856589311,-0.07419390744393,1.45713505106165,-0.54038637591182,0.507419933511044,-1.19387106522285,-1.07813988318114,-1.11733801438115,-0.197109677581678,-0.703705897000129,0.53217674067342,1.9584999845025,-0.8631587448282,524,5.91582845170615,2.02152769811015,-0.465243312151735,0.938224007810896,1.70861879637762,-0.835017045216317,-0.313527912110597,-0.294135385555872,0.0505267486039409,0.0852398656321773,-0.124283872568517,0.197203736152145,0.0203053223193256,-1.74029274746349e-15,1.64485942718706e-15
144,"Tom","Washington",1199,-0.237045240794022,0.00121633066869782,-0.222386518268819,0.0700199512329228,0.0786346851267509,-0.169989791037608,-0.120691936288268,-0.146543327690334,-0.247142408149517,-0.287246910479872,0.204670462555583,-0.129996665741492,0.0915783079441618,0.212707150675341,-0.225423975226858,2226,1.34267644652546,-0.503264107295587,-0.148615704626713,-0.148388166656666,0.716013916556243,-0.198455903118885,0.0675856424767347,-0.481717973235641,0.0843001027865947,0.073205048466651,0.00206525613265415,0.0294934061788381,-0.0496907178087257,1.53439505741529e-16,7.79617038362357e-16
147,"Tommy","Nunez Jr.",2878,-0.500593072577107,0.138134350424548,-0.663877133298073,0.548231902541262,0.474178976846835,-0.304289831039812,0.102717000972306,-0.804010281059852,-0.876029755626198,-0.578557389917628,-0.61391573015216,-0.109849052826109,-0.219177894649047,0.482522867676117,-0.48810740832339,842,2.37100358090237,1.53713505738659,-0.888123810553737,0.202352656457079,-2.39615591086629,0.163769717014911,-0.212359712148744,-0.577633637437193,-0.0126659192333633,-0.0993217858822534,-0.0437910989818377,-0.119411143603271,0.0181903033599455,-1.32284134815619e-15,1.65017213117428e-15
148,"Tony","Brothers",1146,-0.163053079752331,0.0414822082528458,-0.113948349524292,0.0736180460606691,0.189259410594538,0.045230859259525,-0.213499476828415,-0.145883670047936,-0.304601071352721,-0.205278714990503,-0.137936065653628,-0.278358727281991,0.102379050116527,0.0858302916736432,-0.110115433565183,2302,1.01348414270852,0.47345440142933,0.0935067172989116,0.0201888549438165,0.592876620484494,0.222004749047721,0.0450269388929281,0.0481318399200193,0.192922638235549,-0.156569186284741,-0.0755067648689473,0.0140063535807256,0.00155748653957115,-2.24000373201965e-15,8.09377822578028e-16
149,"Tony","Brown",2529,-0.260638436484836,0.0614116913482466,-0.244741444322515,0.357308257010112,-0.0900422801870542,0.00934787553349953,-0.225627381288063,-0.316456651132737,-0.511735372770078,-0.301615127733838,-0.376888079832758,-0.327553580343893,-0.0273011583612204,0.0944433917327277,-0.28603419077439,1962,1.00901210533315,0.99129510940227,-0.430678680089557,-0.501515970922867,-0.894896194566942,0.402509912280039,-0.404798252576922,0.157891271069307,0.273631358373821,0.176629932240746,0.034481022851681,-0.0577173572821663,-0.000708443997949077,-2.20862068642354e-15,-1.06024750399557e-15
150,"Tre","Maddox",202027,0.5745104037545,0.170313505018134,0.464893295383411,0.0594645607665557,-0.498329139313658,0.115015451095051,-0.340960434532962,0.72774006385312,0.637332738598771,0.46661048371918,0.203835895385108,0.102011195760534,-0.31125677476941,-0.531256994964658,0.449984046431632,1158,-1.7041943793759,-1.35761062336342,0.720295512967773,0.0862123387632251,0.43499478178274,-0.275656788185843,-0.0181884529867688,-0.282127293024886,-0.201342962579097,0.0458379601746787,0.0906865307562674,-0.0627784289917555,0.0498255896404458,-2.73883767801355e-15,-1.69863734527004e-16
152,"Tyler","Ford",204059,0.835461321763073,0.555943039110748,0.982357505787633,0.33851236811188,0.0407219634683009,0.513568896053804,-0.889164164871521,0.822723076975808,0.404477754283022,0.844533282061729,-0.326630113016831,-0.101699758858942,-0.227643193346185,-0.126595921319353,0.94337545128861,790,-2.79408489138434,0.961614928437725,-0.497473038333744,1.16362452431615,-0.221473465649156,0.355803347384094,-0.10928192618472,-0.0264512140307456,0.350647866820845,-0.0224711901079255,-0.0602862990813219,-0.0128894967325327,-0.0125172897443428,1.34415900033927e-15,-1.10154183369569e-15
155,"Violet","Palmer",1185,-0.732486734981823,-0.256241973284766,-0.722314900121475,0.201640720523107,0.511214909375686,-0.0789192038261904,0.237399643740975,-0.735804035987242,-0.711742639184199,-0.699124157169383,-0.168626789388006,0.182903634474592,0.30040097895706,0.528842933108418,-0.652902510908677,1236,3.13301635593248,-0.26659417579007,-0.445215817944715,0.771226759478392,-0.53927017367813,0.510536109710452,0.269791464252621,0.0675298514410312,0.426316227542723,-0.123064572911759,-0.0240436458546819,-0.0577057614762034,0.0116723141258971,-2.98545996380915e-16,-6.95492688964378e-16
157,"Zach","Zarba",2534,-0.0441269169248432,0.1201837507756,-0.062590386179711,0.226209345364018,-0.0888928644704504,0.0559400582375789,-0.171355318347855,-0.134679988523312,-0.26505322006547,-0.0447076309659016,-0.313755377217848,-0.206617930659175,-0.522063161529294,-0.0280310087824831,-0.0728715120715063,2296,0.231568781360614,0.737844311946347,0.522637824670873,-0.211536483391807,-0.899198813622537,-0.270036414629711,0.20456387249277,-0.100858857663576,0.0478674604124284,0.239279965874336,-0.0369730290805416,-0.0183832418894474,-0.016454557792824,1.17841677413287e-15,5.97602323739307e-16
